日期,soya_bean_meal_future_price/share,rice_future_price,cron_future_price,W.CBT_price,broiler_chicken/500g,Black-bone_chicken,cock,,,Festival,,发布日期,broiler_chicken/500g,Black-bone_chicken,cock
2022-01-04,3247,3311,2695,770,7,11,12,,,,#N/A,2022-01-01,7,11,12
2022-01-05,3274,3313,2704,760.75,7,11,12,,,,#N/A,2022-01-02,7,11,12
2022-01-06,3247,3363,2688,746,7,11,12,,,元旦节,#N/A,2022-01-03,7,11,12
2022-01-07,3229,3355,2676,758.5,7,11,12,,,,2022-01-04,2022-01-04,7,11,12
2022-01-10,3242,3347,2691,762,7,11,12,,,,2022-01-05,2022-01-05,7,11,12
2022-01-11,3239,3340,2688,770.25,7,11,12,,,,2022-01-06,2022-01-06,7,11,12
2022-01-12,3228,3350,2710,757.75,7,11,12,,,,2022-01-07,2022-01-07,7,11,12
2022-01-13,3231,3362,2720,746.75,7,11,12,,,,#N/A,2022-01-08,7,11,12
2022-01-14,3201,3363,2728,741.5,7,11,12,,,,#N/A,2022-01-09,7,11,12
2022-01-17,3173,3361,2723,755.25,7,12,14.5,,,,2022-01-10,2022-01-10,7,11,12
2022-01-18,3161,3352,2721,769,7,12,14.5,,,,2022-01-11,2022-01-11,7,11,12
2022-01-19,3153,3339,2731,796.5,7,12,14.5,,,,2022-01-12,2022-01-12,7,11,12
2022-01-20,3221,3340,2746,790.25,7,12,14.5,,,,2022-01-13,2022-01-13,7,11,12
2022-01-21,3257,3337,2747,780,7,12,14.5,,,,2022-01-14,2022-01-14,7,11,12
2022-01-24,3263,3336,2735,800.5,7,12,14.5,,,,#N/A,2022-01-15,7,11,12
2022-01-25,3234,3346,2745,818,7,12,14.5,,,,#N/A,2022-01-16,7,12,14.5
2022-01-26,3251,3358,2767,795,7,12,14.5,,,,2022-01-17,2022-01-17,7,12,14.5
2022-01-27,3323,3348,2771,777,7,12,14.5,,,,2022-01-18,2022-01-18,7,12,14.5
2022-01-28,3367,3349,2768,786.25,7.5,12,15,,,,2022-01-19,2022-01-19,7,12,14.5
2022-02-07,3634,3358,2762,768.75,7.5,12,15,,,,2022-01-20,2022-01-20,7,12,14.5
2022-02-08,3707,3367,2780,778.75,7.5,12,15,,,,2022-01-21,2022-01-21,7,12,14.5
2022-02-09,3725,3372,2777,785,7.5,12,15,,,,#N/A,2022-01-22,7,12,14.5
2022-02-10,3792,3354,2783,771.5,7.5,12,15,,,,#N/A,2022-01-23,7,12,14.5
2022-02-11,3800,3348,2776,797.75,7,12,15,,,,2022-01-24,2022-01-24,7,12,14.5
2022-02-14,3753,3486,2777,799.25,7,12,15,,,,2022-01-25,2022-01-25,7,12,14.5
2022-02-15,3686,3498,2774,779.75,7,12,15,,,,2022-01-26,2022-01-26,7,12,14.5
2022-02-16,3684,3482,2763,780.5,6.5,12,15,,,,2022-01-27,2022-01-27,7,12,14.5
2022-02-17,3717,3476,2769,804.75,6.5,12,15,,,,2022-01-28,2022-01-28,7.5,12,15
2022-02-18,3782,3471,2775,804,6.5,12,15,,,,#N/A,2022-01-29,7.5,12,15
2022-02-21,3787,3466,2769,828.25,6.5,12,15,,,春节,#N/A,2022-01-30,7.5,12,15
2022-02-22,3844,3459,2770,852.5,6.5,12,15,,,,2022-02-07,2022-02-07,7.5,12,15
2022-02-23,3867,3451,2789,884.75,6.5,12,15,,,,2022-02-08,2022-02-08,7.5,12,15
2022-02-24,3989,3450,2828,934.75,6.5,12,15,,,,2022-02-09,2022-02-09,7.5,12,15
2022-02-25,3970,3477,2840,859.75,6.5,12,15,,,,2022-02-10,2022-02-10,7.5,12,15
2022-02-28,3823,3472,2843,934,7,12,15,,,,2022-02-11,2022-02-11,7,12,15
2022-03-01,3886,3489,2864,984,7,12,15,,,,#N/A,2022-02-12,7,12,15
2022-03-02,3914,3498,2886,1059,7,12,15,,,,#N/A,2022-02-13,7,12,15
2022-03-03,3883,3507,2885,1134,7,12,15,,,,2022-02-14,2022-02-14,7,12,15
2022-03-04,3901,3510,2899,1209,7,12,15,,,,2022-02-15,2022-02-15,7,12,15
2022-03-07,4008,3506,2915,1294,6.75,12,15,,,,2022-02-16,2022-02-16,6.5,12,15
2022-03-08,4083,3490,2890,1286.5,6.75,12,15,,,,2022-02-17,2022-02-17,6.5,12,15
2022-03-09,4195,3489,2871,1201.5,6.75,12,15,,,,2022-02-18,2022-02-18,6.5,12,15
2022-03-10,4132,3470,2857,1087,6.75,12,15,,,,#N/A,2022-02-19,6.5,12,15
2022-03-11,4185,3471,2854,1106.5,6.75,12,15,,,,#N/A,2022-02-20,6.5,12,15
2022-03-14,4164,3457,2848,1096.25,6.75,12,15,,,,2022-02-21,2022-02-21,6.5,12,15
2022-03-15,4176,3440,2859,1154.25,6.75,12,15,,,,2022-02-22,2022-02-22,6.5,12,15
2022-03-16,4127,3430,2855,1069.25,6.75,12,15,,,,2022-02-23,2022-02-23,6.5,12,15
2022-03-17,4189,3400,2854,1098,6.75,12,15,,,,2022-02-24,2022-02-24,6.5,12,15
2022-03-18,4224,3401,2876,1063.75,6.75,12,15,,,,2022-02-25,2022-02-25,6.5,12,15
2022-03-21,4264,3399,2879,1119.25,6.75,12,15,,,,#N/A,2022-02-26,6.75,12,15
2022-03-22,4356,3409,2894,1118.25,6.75,12,15,,,,#N/A,2022-02-27,6.75,12,15
2022-03-23,4380,3407,2897,1105.75,6.75,12,15,,,,2022-02-28,2022-02-28,7,12,15
2022-03-24,4428,3409,2907,1085.75,6.75,12,15,,,,2022-03-01,2022-03-01,7,12,15
2022-03-25,4388,3407,2895,1102.25,6.75,12,15,,,,2022-03-02,2022-03-02,7,12,15
2022-03-28,4313,3400,2884,1057,6.75,12,15,,,,2022-03-03,2022-03-03,7,12,15
2022-03-29,4220,3393,2860,1014.25,6.75,12,15,,,,2022-03-04,2022-03-04,7,12,15
2022-03-30,4096,3386,2839,1027.25,7,12,15,,,,#N/A,2022-03-05,6.75,12,15
2022-03-31,4040,3396,2843,1006,7,12,15,,,,#N/A,2022-03-06,6.75,12,15
2022-04-01,3909,3377,2848,984.5,7,12,15,,,,2022-03-07,2022-03-07,6.75,12,15
2022-04-06,3864,3362,2862,1038.25,7,12,15,,,,2022-03-08,2022-03-08,6.75,12,15
2022-04-07,3834,3364,2952,1020,7.25,12,15,,,,2022-03-09,2022-03-09,6.75,12,15
2022-04-08,3864,3363,2928,1058.25,7.4,12,15,,,,2022-03-10,2022-03-10,6.75,12,15
2022-04-11,3929,3345,2923,1089,7.4,12,15,,,,2022-03-11,2022-03-11,6.75,12,15
2022-04-12,3906,3327,2913,1112.5,7.4,12,15,,,,#N/A,2022-03-12,6.75,12,15
2022-04-13,3915,3335,2919,1121.25,7.4,12,15,,,,#N/A,2022-03-13,6.75,12,15
2022-04-14,3914,3342,2937,1104.5,7.4,12,15,,,,2022-03-14,2022-03-14,6.75,12,15
2022-04-15,3916,3339,2959,1116.625,7.4,12,15,,,,2022-03-15,2022-03-15,6.75,12,15
2022-04-18,3931,3368,2963,1128.75,7,12,15,,,,2022-03-16,2022-03-16,6.75,12,15
2022-04-19,3978,3426,2984,1109,7,12,15,,,,2022-03-17,2022-03-17,6.75,12,15
2022-04-20,4048,3422,2998,1097.5,7,12,15,,,,2022-03-18,2022-03-18,6.75,12,15
2022-04-21,4091,3424,3013,1076.5,7,12,15,,,,#N/A,2022-03-19,6.75,12,15
2022-04-22,4097,3423,3000,1075.25,7,12,15,,,,#N/A,2022-03-20,6.75,12,15
2022-04-25,4020,3447,2981,1072.5,7,12,15,,,,2022-03-21,2022-03-21,6.75,12,15
2022-04-26,3982,3449,2991,1095,7,12,15,,,,2022-03-22,2022-03-22,6.75,12,15
2022-04-27,4005,3440,2988,1091.25,7.25,12,15,,,,2022-03-23,2022-03-23,6.75,12,15
2022-04-28,4030,3429,3009,1085.75,7.25,12,15,,,,2022-03-24,2022-03-24,6.75,12,15
2022-04-29,4049,3416,3027,1055.75,7.5,12,15,,,,2022-03-25,2022-03-25,6.75,12,15
2022-05-05,4025,3427,3024,1106.5,7.2,12,15,,,,#N/A,2022-03-26,6.75,12,15
2022-05-06,4028,3425,3003,1108.5,7.2,12,15,,,,#N/A,2022-03-27,6.75,12,15
2022-05-09,3928,3433,2990,1092.75,7.2,12,15,,,,2022-03-28,2022-03-28,6.75,12,15
2022-05-10,3901,3448,2971,1092.75,7.2,12,15,,,,2022-03-29,2022-03-29,6.75,12,15
2022-05-11,3927,3452,2971,1113,7.2,12,15,,,,2022-03-30,2022-03-30,7,12,15
2022-05-12,3942,3454,2974,1178.75,7.2,12,15,,,,2022-03-31,2022-03-31,7,12,15
2022-05-13,4017,3449,2990,1177.5,7.2,12,15,,,,2022-04-01,2022-04-01,7,12,15
2022-05-16,4106,3462,2992,1247.5,7.35,12,15,,,,#N/A,2022-04-02,7,12,15
2022-05-17,4128,3458,3008,1277.5,7.35,12,15,,,,#N/A,2022-04-03,7,12,15
2022-05-18,4143,3454,3011,1230.75,7.35,12,15,,,,#N/A,2022-04-04,6.9,12,15
2022-05-19,4129,3445,3003,1200.5,7.35,12,15,,,清明节,#N/A,2022-04-05,6.9,12,15
2022-05-20,4155,3432,2998,1168.75,7.35,12,14,,,,2022-04-06,2022-04-06,7,12,15
2022-05-23,4195,3410,2993,1190,7.35,12,14,,,,2022-04-07,2022-04-07,7.25,12,15
2022-05-24,4113,3389,2969,1154.75,7.35,12,14,,,,2022-04-08,2022-04-08,7.4,12,15
2022-05-25,4097,3392,2942,1148.25,7.35,12,14,,,,#N/A,2022-04-09,7.4,12,15
2022-05-26,4080,3380,2931,1143.25,7.35,12,14,,,,#N/A,2022-04-10,7.4,12,15
2022-05-27,4172,3376,2938,1157.5,7.35,12,14,,,,2022-04-11,2022-04-11,7.4,12,15
2022-05-30,4188,3392,2933,1122.5,7.5,12,14,,,,2022-04-12,2022-04-12,7.4,12,15
2022-05-31,4205,3386,2935,1087.5,7.5,12,14,,,,2022-04-13,2022-04-13,7.4,12,15
2022-06-01,4144,3373,2897,1041.25,7.5,12,14,,,,2022-04-14,2022-04-14,7.4,12,15
2022-06-02,4134,3368,2877,1058.25,7.5,12,14,,,,2022-04-15,2022-04-15,7.4,12,15
2022-06-06,4166,3358,2893,1093,7.5,12,14,,,,#N/A,2022-04-16,7.4,12,15
2022-06-07,4129,3356,2886,1071.75,7.5,12,14,,,,#N/A,2022-04-17,7,12,15
2022-06-08,4154,3349,2896,1074.75,7.5,12,14,,,,2022-04-18,2022-04-18,7,12,15
2022-06-09,4209,3357,2877,1071.25,7.5,12,14,,,,2022-04-19,2022-04-19,7,12,15
2022-06-10,4239,3371,2860,1070.75,7.5,12,14,,,,2022-04-20,2022-04-20,7,12,15
2022-06-13,4210,3367,2877,1071,7.5,12,14,,,,2022-04-21,2022-04-21,7,12,15
2022-06-14,4131,3372,2893,1050.25,7.35,12,14,,,,2022-04-22,2022-04-22,7,12,15
2022-06-15,4118,3369,2881,1050,7.35,12,14,,,,#N/A,2022-04-23,7,12,15
2022-06-16,4115,3374,2888,1078.25,7.35,12,14,,,,#N/A,2022-04-24,7,12,15
2022-06-17,4151,3358,2897,1034.25,7.35,12,14,,,,2022-04-25,2022-04-25,7,12,15
2022-06-20,4157,3344,2906,1004.75,7.35,12,14,,,,2022-04-26,2022-04-26,7,12,15
2022-06-21,4105,3338,2895,975.25,7.35,12,14,,,,2022-04-27,2022-04-27,7.25,12,15
2022-06-22,4076,3318,2872,988.75,7.35,12,14,,,,2022-04-28,2022-04-28,7.25,12,15
2022-06-23,3891,3317,2834,949.25,7.35,12,14,,,,2022-04-29,2022-04-29,7.5,12,15
2022-06-24,3787,3319,2795,936.5,7.35,12,14,,,,#N/A,2022-04-30,7.5,12,15
2022-06-27,3805,3324,2799,917.5,7.35,12,14,,,,#N/A,2022-05-01,7.5,12,15
2022-06-28,3866,3329,2805,936,7.35,12,14,,,,#N/A,2022-05-02,7.5,12,15
2022-06-29,3887,3332,2811,930,7.5,12,14,,,,#N/A,2022-05-03,7.2,12,15
2022-06-30,3901,3333,2792,884,7.5,12,14,,,劳动节,#N/A,2022-05-04,7.2,12,15
2022-07-01,3886,3323,2739,846,7.5,12,14,,,,2022-05-05,2022-05-05,7.2,12,15
2022-07-04,3816,3321,2707,826.5,7.5,12,14,,,,2022-05-06,2022-05-06,7.2,12,15
2022-07-05,3833,3352,2703,807,7.5,12,14,,,,#N/A,2022-05-07,7.2,12,15
2022-07-06,3762,3363,2672,804.5,7.5,12,14,,,,#N/A,2022-05-08,7.2,12,15
2022-07-07,3855,3352,2705,836.5,7.5,12,14,,,,2022-05-09,2022-05-09,7.2,12,15
2022-07-08,3919,3347,2722,891.5,7.5,12,14,,,,2022-05-10,2022-05-10,7.2,12,15
2022-07-11,3957,3348,2743,856.5,7.5,12,14,,,,2022-05-11,2022-05-11,7.2,12,15
2022-07-12,3971,3352,2726,814.25,7.5,12,14,,,,2022-05-12,2022-05-12,7.2,12,15
2022-07-13,3891,3349,2691,810.75,7.5,12,14,,,,2022-05-13,2022-05-13,7.2,12,15
2022-07-14,3926,3348,2704,795,7.5,12,14,,,,#N/A,2022-05-14,7.2,12,15
2022-07-15,3927,3343,2696,776.75,7.5,12,14,,,,#N/A,2022-05-15,7.2,12,15
2022-07-18,3930,3331,2676,812.75,7.5,12,14,,,,2022-05-16,2022-05-16,7.35,12,15
2022-07-19,3951,3329,2659,812.25,7.5,12,14,,,,2022-05-17,2022-05-17,7.35,12,15
2022-07-20,3819,3340,2613,819.5,7.5,12,14,,,,2022-05-18,2022-05-18,7.35,12,15
2022-07-21,3818,3349,2613,806.25,7.5,12,14,,,,2022-05-19,2022-05-19,7.35,12,15
2022-07-22,3775,3352,2577,759,7.5,12,14,,,,2022-05-20,2022-05-20,7.35,12,14
2022-07-25,3806,3353,2580,770,7.5,12,14.25,,,,#N/A,2022-05-21,7.35,12,14
2022-07-26,3862,3347,2620,803.75,7.5,12,14.25,,,,#N/A,2022-05-22,7.35,12,14
2022-07-27,3913,3348,2635,790.25,7.5,12,14.25,,,,2022-05-23,2022-05-23,7.35,12,14
2022-07-28,3970,3345,2663,817,7.5,12,14.25,,,,2022-05-24,2022-05-24,7.35,12,14
2022-07-29,3963,3347,2666,807.75,7.5,12,14.25,,,,2022-05-25,2022-05-25,7.35,12,14
2022-08-01,4027,3347,2670,800.25,7.5,12,14.25,,,,2022-05-26,2022-05-26,7.35,12,14
2022-08-02,3957,3355,2669,774.75,7.5,12,14.25,,,,2022-05-27,2022-05-27,7.35,12,14
2022-08-03,3955,3357,2682,763.75,7.5,12,14.25,,,,#N/A,2022-05-28,7.35,12,14
2022-08-04,3946,3349,2671,782.5,7.5,12,14.25,,,,#N/A,2022-05-29,7.35,12,14
2022-08-05,4027,3350,2677,775.75,7.5,12,14.25,,,,2022-05-30,2022-05-30,7.5,12,14
2022-08-08,4024,3349,2673,779.75,7.5,12,14.25,,,,2022-05-31,2022-05-31,7.5,12,14
2022-08-09,4019,3351,2697,781.5,7.5,12,14.25,,,,2022-06-01,2022-06-01,7.5,12,14
2022-08-10,4049,3350,2721,799.75,7.5,12,14.25,,,,2022-06-02,2022-06-02,7.5,12,14
2022-08-11,3733,3354,2707,810.75,7.5,12,14.25,,,端午节,#N/A,2022-06-03,7.5,12,14
2022-08-12,3749,3351,2750,806,7.5,12,14.25,,,,#N/A,2022-06-04,7.5,12,14
2022-08-15,3716,3356,2739,800.75,7.5,12,14.25,,,,#N/A,2022-06-05,7.5,12,14
2022-08-16,3664,3397,2738,802.75,7.5,12,14.25,,,,2022-06-06,2022-06-06,7.5,12,14
2022-08-17,3658,3408,2729,780.5,7.5,12,14.25,,,,2022-06-07,2022-06-07,7.5,12,14
2022-08-18,3655,3427,2702,749,7.5,12,14.25,,,,2022-06-08,2022-06-08,7.5,12,14
2022-08-19,3662,3444,2687,771,7.5,12,14.25,,,,2022-06-09,2022-06-09,7.5,12,14
2022-08-22,3681,3444,2688,788.25,7.5,12,14.25,,,,2022-06-10,2022-06-10,7.5,12,14
2022-08-23,3806,3417,2719,800.5,7.5,12,14.25,,,,#N/A,2022-06-11,7.5,12,14
2022-08-24,3864,3413,2745,813.25,7.65,12,14.25,,,,#N/A,2022-06-12,7.5,12,14
2022-08-25,3846,3393,2739,789,7.65,12,14.25,,,,2022-06-13,2022-06-13,7.5,12,14
2022-08-26,3784,3371,2746,805.25,7.65,12,14.25,,,,2022-06-14,2022-06-14,7.35,12,14
2022-08-29,3789,3379,2784,842.75,7.65,12,14.25,,,,2022-06-15,2022-06-15,7.35,12,14
2022-08-30,3767,3366,2796,820.25,7.65,12,14.5,,,,2022-06-16,2022-06-16,7.35,12,14
2022-08-31,3763,3359,2789,831.5,7.65,12,14.5,,,,2022-06-17,2022-06-17,7.35,12,14
2022-09-01,3767,3344,2791,794.25,7.65,12,14.5,,,,#N/A,2022-06-18,7.35,12,14
2022-09-02,3781,3360,2791,811,7.65,12,14.5,,,,#N/A,2022-06-19,7.35,12,14
2022-09-05,3844,3372,2802,814,7.4,12,14.5,,,,2022-06-20,2022-06-20,7.35,12,14
2022-09-06,3833,3379,2819,817,7.4,12,14.5,,,,2022-06-21,2022-06-21,7.35,12,14
2022-09-07,3815,3378,2807,844.25,7.4,12,14.5,,,,2022-06-22,2022-06-22,7.35,12,14
2022-09-08,3869,3389,2803,829,7.4,12,14.5,,,,2022-06-23,2022-06-23,7.35,12,14
2022-09-09,3839,3404,2804,869.5,7.4,12,14.5,,,,2022-06-24,2022-06-24,7.35,12,14
2022-09-13,4048,3411,2838,860.5,7.4,12,14.5,,,,#N/A,2022-06-25,7.35,12,14
2022-09-14,4049,3409,2835,872.25,7.4,12,14.5,,,,#N/A,2022-06-26,7.35,12,14
2022-09-15,3997,3408,2832,845,7.4,12,14.5,,,,2022-06-27,2022-06-27,7.35,12,14
2022-09-16,3992,3421,2837,859.75,7.4,12,14.5,,,,2022-06-28,2022-06-28,7.35,12,14
2022-09-19,3996,3418,2844,830.5,7.4,12,14.5,,,,2022-06-29,2022-06-29,7.5,12,14
2022-09-20,4008,3418,2832,893.75,7.4,12,14.5,,,,2022-06-30,2022-06-30,7.5,12,14
2022-09-21,4028,3417,2847,903.75,7.4,12,14.5,,,,2022-07-01,2022-07-01,7.5,12,14
2022-09-22,4067,3416,2847,910.75,7.4,12,14.5,,,,#N/A,2022-07-02,7.5,12,14
2022-09-23,4058,3415,2835,880.5,7.4,12,14.5,,,,#N/A,2022-07-03,7.5,12,14
2022-09-26,4016,3414,2802,858,7.5,12,14.5,,,,2022-07-04,2022-07-04,7.5,12,14
2022-09-27,4030,3415,2779,871.5,7.5,12,14.5,,,,2022-07-05,2022-07-05,7.5,12,14
2022-09-28,4054,3410,2763,903.25,7.5,12,14.5,,,,2022-07-06,2022-07-06,7.5,12,14
2022-09-29,4102,3398,2766,896.25,7.5,12,14.5,,,,2022-07-07,2022-07-07,7.5,12,14
2022-09-30,4104,3394,2771,921.5,7.65,12,14.5,,,,2022-07-08,2022-07-08,7.5,12,14
2022-10-10,4112,3386,2782,938,7.5,12,14.5,,,,#N/A,2022-07-09,7.5,12,14
2022-10-11,4066,3376,2822,901,7.5,12,14.5,,,,#N/A,2022-07-10,7.5,12,14
2022-10-12,4048,3378,2829,882.25,7.5,12,14.5,,,,2022-07-11,2022-07-11,7.5,12,14
2022-10-13,4088,3383,2839,892.25,7.5,12,14.5,,,,2022-07-12,2022-07-12,7.5,12,14
2022-10-14,4123,3373,2852,859.75,7.5,12,14.5,,,,2022-07-13,2022-07-13,7.5,12,14
2022-10-17,4111,3379,2856,861,7.3,12,14.5,,,,2022-07-14,2022-07-14,7.5,12,14
2022-10-18,4032,3386,2848,849.5,7.3,12,14.5,,,,2022-07-15,2022-07-15,7.5,12,14
2022-10-19,3992,3383,2852,841.25,7.3,12,14.5,,,,#N/A,2022-07-16,7.5,12,14
2022-10-20,4009,3398,2849,849.25,7.3,12,14.5,,,,#N/A,2022-07-17,7.5,12,14
2022-10-21,4049,3411,2870,850.75,7.3,12,14.5,,,,2022-07-18,2022-07-18,7.5,12,14
2022-10-24,4037,3415,2882,838.75,7.3,12,14.5,,,,2022-07-19,2022-07-19,7.5,12,14
2022-10-25,4038,3409,2862,834.75,7.3,12,14.5,,,,2022-07-20,2022-07-20,7.5,12,14
2022-10-26,4078,3403,2867,840.5,7.3,12,14.5,,,,2022-07-21,2022-07-21,7.5,12,14
2022-10-27,4078,3391,2870,838.5,7.3,12,14.5,,,,2022-07-22,2022-07-22,7.5,12,14
2022-10-28,4062,3380,2864,829.25,7.3,12,14.5,,,,#N/A,2022-07-23,7.5,12,14
2022-10-31,4074,3382,2873,882.25,7.3,12,14.5,,,,#N/A,2022-07-24,7.5,12,14
2022-11-01,4190,3379,2877,902.5,7.3,12,14.5,,,,2022-07-25,2022-07-25,7.5,12,14.25
2022-11-02,4242,3379,2878,846,7.3,12,14.5,,,,2022-07-26,2022-07-26,7.5,12,14.25
2022-11-03,4195,3386,2842,840.5,7.3,12,14.5,,,,2022-07-27,2022-07-27,7.5,12,14.25
2022-11-04,4188,3396,2856,847.75,7.3,12,14.5,,,,2022-07-28,2022-07-28,7.5,12,14.25
2022-11-07,4197,3407,2876,845.75,7.3,12,14.5,,,,2022-07-29,2022-07-29,7.5,12,14.25
2022-11-08,4246,3402,2890,827.75,7.3,12,14.5,,,,#N/A,2022-07-30,7.5,12,14.25
2022-11-09,4245,3397,2879,806.5,7.3,12,14.5,,,,#N/A,2022-07-31,7.5,12,14.25
2022-11-10,4284,3396,2872,803.5,7.3,12,14.5,,,,2022-08-01,2022-08-01,7.5,12,14.25
2022-11-11,4249,3399,2880,813.75,7.3,12,14.5,,,,2022-08-02,2022-08-02,7.5,12,14.25
2022-11-14,4191,3399,2870,818.5,7.3,12,14.5,,,,2022-08-03,2022-08-03,7.5,12,14.25
2022-11-15,4155,3395,2849,828.25,7.3,12,14.5,,,,2022-08-04,2022-08-04,7.5,12,14.25
2022-11-16,4154,3401,2836,817.5,7.3,12,14.5,,,,2022-08-05,2022-08-05,7.5,12,14.25
2022-11-17,4151,3406,2821,806.75,7.3,12,14.5,,,,#N/A,2022-08-06,7.5,12,14.25
2022-11-18,4122,3406,2813,803.25,7.3,12,14.5,,,,#N/A,2022-08-07,7.5,12,14.25
2022-11-21,4132,3397,2841,818.25,7.3,12,14.5,,,,2022-08-08,2022-08-08,7.5,12,14.25
2022-11-22,4168,3389,2853,810.5,7.3,12,14.5,,,,2022-08-09,2022-08-09,7.5,12,14.25
2022-11-23,4197,3396,2870,813.5,7.3,12,14.5,,,,2022-08-10,2022-08-10,7.5,12,14.25
2022-11-24,4245,3392,2879,805.25,7.3,12,14.5,,,,2022-08-11,2022-08-11,7.5,12,14.25
2022-11-25,4277,3402,2916,797,7.3,12,14.5,,,,2022-08-12,2022-08-12,7.5,12,14.25
2022-11-28,4252,3410,2931,780.75,7.3,12,14.5,,,,#N/A,2022-08-13,7.5,12,14.25
2022-11-29,4248,3414,2923,781.5,7.3,12,14.5,,,,#N/A,2022-08-14,7.5,12,14.25
2022-11-30,4277,3414,2897,795.5,7.3,12,14.5,,,,2022-08-15,2022-08-15,7.5,12,14.25
2022-12-01,4286,3412,2900,783,7.3,12,14.5,,,,2022-08-16,2022-08-16,7.5,12,14.25
2022-12-02,4284,3400,2886,761,7.3,12,14.5,,,,2022-08-17,2022-08-17,7.5,12,14.25
2022-12-05,4261,3389,2853,739,7.3,12,14.5,,,,2022-08-18,2022-08-18,7.5,12,14.25
2022-12-06,4255,3390,2833,729,7.3,12,14.5,,,,2022-08-19,2022-08-19,7.5,12,14.25
2022-12-07,4280,3398,2809,749.5,7.3,12,14.5,,,,#N/A,2022-08-20,7.5,12,14.25
2022-12-08,4375,3387,2822,746.25,7.3,12,14.5,,,,#N/A,2022-08-21,7.5,12,14.25
2022-12-09,4426,3383,2818,734.25,7.3,12,14.5,,,,2022-08-22,2022-08-22,7.5,12,14.25
2022-12-12,4406,3372,2820,754.75,7.3,12,14.5,,,,2022-08-23,2022-08-23,7.5,12,14.25
2022-12-13,4364,3362,2818,750.75,7.3,12,14.5,,,,2022-08-24,2022-08-24,7.65,12,14.25
2022-12-14,4329,3364,2803,749.25,7.3,12,14.5,,,,2022-08-25,2022-08-25,7.65,12,14.25
2022-12-15,4268,3365,2790,757.25,7.3,12,14.5,,,,2022-08-26,2022-08-26,7.65,12,14.25
2022-12-16,4313,3364,2809,753.5,7.3,12,14.5,,,,#N/A,2022-08-27,7.65,12,14.25
2022-12-19,3724,3362,2800,748.5,7.3,12,14.5,,,,#N/A,2022-08-28,7.65,12,14.25
2022-12-20,3706,3360,2780,750.5,7.3,12,14.5,,,,2022-08-29,2022-08-29,7.65,12,14.25
2022-12-21,3755,3356,2742,767.75,7.3,12,14.5,,,,2022-08-30,2022-08-30,7.65,12,14.5
2022-12-22,3772,3360,2751,762.25,7.3,12,14.5,,,,2022-08-31,2022-08-31,7.65,12,14.5
2022-12-23,3775,3361,2750,776,7.3,12,14.5,,,,2022-09-01,2022-09-01,7.65,12,14.5
2022-12-26,3852,3363,2768,775.25,7.15,12,14.5,,,,2022-09-02,2022-09-02,7.65,12,14.5
2022-12-27,3890,3368,2780,774.5,7.15,12,14.5,,,,#N/A,2022-09-03,7.4,12,14.5
2022-12-28,3842,3373,2807,785.5,7.15,12,14.5,,,,#N/A,2022-09-04,7.4,12,14.5
2022-12-29,3867,3378,2817,774,7.15,12,14.5,,,,2022-09-05,2022-09-05,7.4,12,14.5
2022-12-30,3898,3369,2821,792,7,12,14.5,,,,2022-09-06,2022-09-06,7.4,12,14.5
2023-01-03,3942,3377,2830,775.5,7,12,14.5,,,,2022-09-07,2022-09-07,7.4,12,14.5
2023-01-04,3890,3367,2863,745.5,7,12,14.5,,,,2022-09-08,2022-09-08,7.4,12,14.5
2023-01-05,3843,3358,2872,746.75,7,12,14.5,,,,2022-09-09,2022-09-09,7.4,12,14.5
2023-01-06,3801,3364,2879,743.5,7,12,14.5,,,,#N/A,2022-09-10,7.4,12,14.5
2023-01-09,3811,3363,2887,741.5,7,12,14.5,,,中秋节,#N/A,2022-09-11,7.4,12,14.5
2023-01-10,3785,3345,2871,731,7,12,14.5,,,,#N/A,2022-09-12,7.4,12,14.5
2023-01-11,3796,3339,2867,740,7,12,14.5,,,,2022-09-13,2022-09-13,7.4,12,14.5
2023-01-12,3854,3338,2875,742.75,7,12,14.5,,,,2022-09-14,2022-09-14,7.4,12,14.5
2023-01-13,3896,3343,2884,743.75,7,12,14.5,,,,2022-09-15,2022-09-15,7.4,12,14.5
2023-01-16,3895,3349,2880,747.75,7,12,14.5,,,,2022-09-16,2022-09-16,7.4,12,14.5
2023-01-17,3879,3351,2883,751.75,7,12,14.5,,,,#N/A,2022-09-17,7.4,12,14.5
2023-01-18,3925,3356,2889,742.5,7,12,14.5,,,,#N/A,2022-09-18,7.4,12,14.5
2023-01-19,3897,3362,2883,734.5,7,12,14.5,,,,2022-09-19,2022-09-19,7.4,12,14.5
2023-01-20,3859,3363,2861,741.5,7,12,14.5,,,,2022-09-20,2022-09-20,7.4,12,14.5
2023-01-30,3884,3357,2890,752.5,7,12,14.5,,,,2022-09-21,2022-09-21,7.4,12,14.5
2023-01-31,3917,3343,2859,761.25,7,12,14.5,,,,2022-09-22,2022-09-22,7.4,12,14.5
2023-02-01,3884,3345,2829,759.75,7,12,14.5,,,,2022-09-23,2022-09-23,7.4,12,14.5
2023-02-02,3881,3369,2833,761,7,12,14.5,,,,#N/A,2022-09-24,7.4,12,14.5
2023-02-03,3870,3379,2834,756.75,7,12,14.5,,,,#N/A,2022-09-25,7.4,12,14.5
2023-02-06,3918,3384,2809,750.25,7,12,14.5,,,,2022-09-26,2022-09-26,7.5,12,14.5
2023-02-07,3880,3356,2791,749.75,7,12,14.5,,,,2022-09-27,2022-09-27,7.5,12,14.5
2023-02-08,3865,3359,2787,764.75,7,12,14.5,,,,2022-09-28,2022-09-28,7.5,12,14.5
2023-02-09,3852,3358,2772,757.25,7,12,14.5,,,,2022-09-29,2022-09-29,7.5,12,14.5
2023-02-10,3845,3381,2768,786,7,12,14.5,,,,2022-09-30,2022-09-30,7.65,12,14.5
2023-02-13,3885,3387,2790,792,7,12,14.5,,,,#N/A,2022-10-01,7.65,12,14.5
2023-02-14,3875,3377,2838,786,7,12,14.5,,,,#N/A,2022-10-02,7.65,12,14.5
2023-02-15,3855,3377,2850,769.25,7,12,14.5,,,,#N/A,2022-10-03,7.5,12,14.5
2023-02-16,3822,3373,2851,776.25,7,12,14.5,,,,#N/A,2022-10-04,7.5,12,14.5
2023-02-17,3826,3370,2858,776.25,7,12,14,,,国庆节,#N/A,2022-10-05,7.5,12,14.5
2023-02-20,3840,3364,2871,769.5,7,12,14,,,,#N/A,2022-10-06,7.5,12,14.5
2023-02-21,3861,3361,2873,762.75,7,12,14,,,,#N/A,2022-10-07,7.5,12,14.5
2023-02-22,3873,3357,2873,750,7,12,14,,,,#N/A,2022-10-08,7.5,12,14.5
2023-02-23,3851,3362,2871,750.5,7,12,14,,,,#N/A,2022-10-09,7.5,12,14.5
2023-02-24,3849,3353,2867,721.75,7,12,14,,,,2022-10-10,2022-10-10,7.5,12,14.5
2023-02-27,3830,3356,2848,710,7,12,14,,,,2022-10-11,2022-10-11,7.5,12,14.5
2023-02-28,3799,3356,2841,705.5,7,12,14,,,,2022-10-12,2022-10-12,7.5,12,14.5
2023-03-01,3752,3346,2848,710,7.15,12,14,,,,2022-10-13,2022-10-13,7.5,12,14.5
2023-03-02,3734,3345,2846,712.75,7.15,12,14,,,,2022-10-14,2022-10-14,7.5,12,14.5
2023-03-03,3756,3341,2842,708.75,7.3,12,14,,,,#N/A,2022-10-15,7.5,12,14.5
2023-03-06,3777,3339,2839,695.25,7.3,12,14,,,,#N/A,2022-10-16,7.3,12,14.5
2023-03-07,3807,3353,2841,698,7.3,12,14,,,,2022-10-17,2022-10-17,7.3,12,14.5
2023-03-08,3800,3350,2850,687.5,7.3,12,14,,,,2022-10-18,2022-10-18,7.3,12,14.5
2023-03-09,3812,3354,2842,665.75,7.3,12,14,,,,2022-10-19,2022-10-19,7.3,12,14.5
2023-03-10,3819,3344,2849,679.25,7.3,12,14,,,,2022-10-20,2022-10-20,7.3,12,14.5
2023-03-13,3792,3343,2835,684.5,7.3,13,14,,,,2022-10-21,2022-10-21,7.3,12,14.5
2023-03-14,3778,3342,2828,696.25,7.4,13,14,,,,#N/A,2022-10-22,7.3,12,14.5
2023-03-15,3763,3370,2834,702.75,7.4,13,14,,,,#N/A,2022-10-23,7.3,12,14.5
2023-03-16,3751,3378,2827,699,7.4,13,14,,,,2022-10-24,2022-10-24,7.3,12,14.5
2023-03-17,3730,3372,2832,710.5,7.4,13,14,,,,2022-10-25,2022-10-25,7.3,12,14.5
2023-03-20,3653,3341,2846,700.75,7.4,14,14,,,,2022-10-26,2022-10-26,7.3,12,14.5
2023-03-21,3626,3374,2807,683.25,7.4,14,14,,,,2022-10-27,2022-10-27,7.3,12,14.5
2023-03-22,3610,3378,2770,663.5,7.4,14,14,,,,2022-10-28,2022-10-28,7.3,12,14.5
2023-03-23,3559,3368,2771,662,7.4,14,14,,,,#N/A,2022-10-29,7.3,12,14.5
2023-03-24,3493,3367,2743,688.5,7.4,14,14,,,,#N/A,2022-10-30,7.3,12,14.5
2023-03-27,3499,3377,2722,698,7.4,14,14,,,,2022-10-31,2022-10-31,7.3,12,14.5
2023-03-28,3505,3378,2721,699.75,7.4,14,14,,,,2022-11-01,2022-11-01,7.3,12,14.5
2023-03-29,3547,3377,2742,704.75,7.4,14,14,,,,2022-11-02,2022-11-02,7.3,12,14.5
2023-03-30,3543,3374,2740,692.25,7.4,14,14,,,,2022-11-03,2022-11-03,7.3,12,14.5
2023-03-31,3526,3374,2724,692.25,7.4,14,14,,,,2022-11-04,2022-11-04,7.3,12,14.5
2023-04-03,3584,3369,2727,693.5,7.4,14,14,,,,#N/A,2022-11-05,7.3,12,14.5
2023-04-04,3656,3393,2721,691.5,7.4,14,14,,,,#N/A,2022-11-06,7.3,12,14.5
2023-04-06,3620,3394,2711,675.5,7.4,14,14,,,,2022-11-07,2022-11-07,7.3,12,14.5
2023-04-07,3559,3396,2713,677,7.4,14,11.5,,,,2022-11-08,2022-11-08,7.3,12,14.5
2023-04-10,3551,3395,2748,678.5,7.4,14,11,,,,2022-11-09,2022-11-09,7.3,12,14.5
2023-04-11,3549,3392,2766,674,7.4,14,11,,,,2022-11-10,2022-11-10,7.3,12,14.5
2023-04-12,3570,3385,2757,679.5,7.65,14,11,,,,2022-11-11,2022-11-11,7.3,12,14.5
2023-04-13,3585,3419,2754,667,7.65,14,11,,,,#N/A,2022-11-12,7.3,12,14.5
2023-04-14,3588,3441,2750,682.5,7.65,14,11,,,,#N/A,2022-11-13,7.3,12,14.5
2023-04-17,3535,3441,2740,696.5,7.65,14,11,,,,2022-11-14,2022-11-14,7.3,12,14.5
2023-04-18,3588,3444,2742,709.5,7.65,14,11,,,,2022-11-15,2022-11-15,7.3,12,14.5
2023-04-19,3533,3441,2740,692.75,7.65,14,11,,,,2022-11-16,2022-11-16,7.3,12,14.5
2023-04-20,3448,3423,2713,680,7.65,14,11,,,,2022-11-17,2022-11-17,7.3,12,14.5
2023-04-21,3434,3426,2691,673,7.65,14,11.5,,,,2022-11-18,2022-11-18,7.3,12,14.5
2023-04-24,3403,3428,2673,657,7.65,14,11.5,,,,#N/A,2022-11-19,7.3,12,14.5
2023-04-25,3413,3428,2665,653,7.65,14,11.5,,,,#N/A,2022-11-20,7.3,12,14.5
2023-04-26,3439,3432,2680,642,7.65,14,11.5,,,,2022-11-21,2022-11-21,7.3,12,14.5
2023-04-27,3457,3438,2673,629.25,7.65,14,11.5,,,,2022-11-22,2022-11-22,7.3,12,14.5
2023-04-28,3478,3427,2643,633.75,7.65,14,11.5,,,,2022-11-23,2022-11-23,7.3,12,14.5
2023-05-04,3479,3424,2616,645,7.65,14,11.5,,,,2022-11-24,2022-11-24,7.3,12,14.5
2023-05-05,3487,3405,2602,660.25,7.65,14,11.5,,,,2022-11-25,2022-11-25,7.3,12,14.5
2023-05-08,3540,3399,2614,654,7.65,14,11.5,,,,#N/A,2022-11-26,7.3,12,14.5
2023-05-09,3531,3392,2616,643.5,7.65,14,11.5,,,,#N/A,2022-11-27,7.3,12,14.5
2023-05-10,3490,3380,2568,641.25,7.65,14,11.5,,,,2022-11-28,2022-11-28,7.3,12,14.5
2023-05-11,3477,3371,2540,627.25,7.65,14,11.5,,,,2022-11-29,2022-11-29,7.3,12,14.5
2023-05-12,3509,3370,2523,635,7.65,14,11.5,,,,2022-11-30,2022-11-30,7.3,12,14.5
2023-05-15,3502,3371,2523,660.75,7.65,14,11.5,,,,2022-12-01,2022-12-01,7.3,12,14.5
2023-05-16,3537,3380,2545,647.5,7.5,14,11.5,,,,2022-12-02,2022-12-02,7.3,12,14.5
2023-05-17,3489,3384,2533,625.5,7.5,14,11.5,,,,#N/A,2022-12-03,7.3,12,14.5
2023-05-18,3476,3402,2540,611.75,7.5,14,11.5,,,,#N/A,2022-12-04,7.3,12,14.5
2023-05-19,3483,3408,2542,605,7.5,14,11.5,,,,2022-12-05,2022-12-05,7.3,12,14.5
2023-05-22,3443,3417,2563,606.25,7.5,14,11.5,,,,2022-12-06,2022-12-06,7.3,12,14.5
2023-05-23,3488,3437,2572,622.25,7.5,14,11.5,,,,2022-12-07,2022-12-07,7.3,12,14.5
2023-05-24,3469,3460,2568,606.25,7.5,14,11.5,,,,2022-12-08,2022-12-08,7.3,12,14.5
2023-05-25,3445,3479,2565,604.25,7.5,14,11.5,,,,2022-12-09,2022-12-09,7.3,12,14.5
2023-05-26,3428,3458,2600,616,7.5,14,11.5,,,,#N/A,2022-12-10,7.3,12,14.5
2023-05-29,3456,3484,2626,603.5,7.5,14,11.5,,,,#N/A,2022-12-11,7.3,12,14.5
2023-05-30,3420,3494,2619,591,7.5,14,11.5,,,,2022-12-12,2022-12-12,7.3,12,14.5
2023-05-31,3387,3491,2631,594.25,7.5,14,11.5,,,,2022-12-13,2022-12-13,7.3,12,14.5
2023-06-01,3409,3460,2639,610.75,7.5,14,11.5,,,,2022-12-14,2022-12-14,7.3,12,14.5
2023-06-02,3408,3444,2650,619,7.5,14,11.5,,,,2022-12-15,2022-12-15,7.3,12,14.5
2023-06-05,3470,3445,2662,624,7.5,14,11.5,,,,2022-12-16,2022-12-16,7.3,12,14.5
2023-06-06,3509,3440,2645,627.75,7.5,14,11.5,,,,#N/A,2022-12-17,7.3,12,14.5
2023-06-07,3490,3462,2638,616.75,7.5,14,11.5,,,,#N/A,2022-12-18,7.3,12,14.5
2023-06-08,3476,3462,2648,626.25,7.5,14,11.5,,,,2022-12-19,2022-12-19,7.3,12,14.5
2023-06-09,3488,3463,2656,630.25,7.5,14,11.5,,,,2022-12-20,2022-12-20,7.3,12,14.5
2023-06-12,3512,3466,2605,633.75,7.5,12.75,11.5,,,,2022-12-21,2022-12-21,7.3,12,14.5
2023-06-13,3513,3461,2589,636.25,7.5,12.75,11.5,,,,2022-12-22,2022-12-22,7.3,12,14.5
2023-06-14,3546,3468,2610,630.25,7.25,12.75,11.5,,,,2022-12-23,2022-12-23,7.3,12,14.5
2023-06-15,3559,3476,2627,661.5,7,12.75,11.5,,,,#N/A,2022-12-24,7.3,12,14.5
2023-06-16,3649,3476,2658,688,7,12.75,11.5,,,,#N/A,2022-12-25,7.15,12,14.5
2023-06-19,3700,3485,2679,691.875,7,12.75,11.5,,,,2022-12-26,2022-12-26,7.15,12,14.5
2023-06-20,3757,3462,2683,695.75,7,12.75,11.5,,,,2022-12-27,2022-12-27,7.15,12,14.5
2023-06-21,3783,3456,2683,734.5,7,12.75,11.5,,,,2022-12-28,2022-12-28,7.15,12,14.5
2023-06-26,3757,3458,2684,738.25,7,12.75,11.5,,,,2022-12-29,2022-12-29,7.15,12,14.5
2023-06-27,3769,3455,2714,699,7,12.75,11.5,,,,2022-12-30,2022-12-30,7,12,14.5
2023-06-28,3724,3545,2699,669.75,7,12.75,11.5,,,元旦节,#N/A,2022-12-31,7,12,14.5
2023-06-29,3715,3546,2709,667.5,7,12.75,11.5,,,,#N/A,2023-01-01,7,12,14.5
2023-06-30,3741,3525,2726,651,7,12.75,11.5,,,,#N/A,2023-01-02,7,12,14.5
2023-07-03,3893,3519,2718,641.75,7,12.75,11.5,,,,2023-01-03,2023-01-03,7,12,14.5
2023-07-04,3976,3513,2731,658,7,12.75,11.5,,,,2023-01-04,2023-01-04,7,12,14.5
2023-07-05,3986,3512,2767,674.25,7,12.75,11.5,,,,2023-01-05,2023-01-05,7,12,14.5
2023-07-06,3977,3512,2785,658,7,12.25,11.5,,,,2023-01-06,2023-01-06,7,12,14.5
2023-07-07,3967,3519,2788,649.5,7,12.25,11.5,,,,#N/A,2023-01-07,7,12,14.5
2023-07-10,3934,3514,2780,646.25,7,12.25,11.5,,,,#N/A,2023-01-08,7,12,14.5
2023-07-11,4010,3521,2770,660.5,7,12.25,11.5,,,,2023-01-09,2023-01-09,7,12,14.5
2023-07-12,4033,3517,2742,632.75,7,12.25,11.5,,,,2023-01-10,2023-01-10,7,12,14.5
2023-07-13,4025,3533,2741,639.75,7,12.25,11.5,,,,2023-01-11,2023-01-11,7,12,14.5
2023-07-14,4052,3556,2742,661.5,7,12.25,11.5,,,,2023-01-12,2023-01-12,7,12,14.5
2023-07-17,4062,3524,2752,653.75,7,12.25,11.5,,,,2023-01-13,2023-01-13,7,12,14.5
2023-07-18,4082,3519,2714,670.75,7,12.25,11.5,,,,#N/A,2023-01-14,7,12,14.5
2023-07-19,4137,3505,2720,727.75,7,12.25,11.5,,,,#N/A,2023-01-15,7,12,14.5
2023-07-20,4193,3495,2720,727,7,12.25,11.5,,,,2023-01-16,2023-01-16,7,12,14.5
2023-07-21,4159,3494,2703,697.5,7,12.25,11.5,,,,2023-01-17,2023-01-17,7,12,14.5
2023-07-24,4178,3494,2686,757.5,7,12.25,11.5,,,,2023-01-18,2023-01-18,7,12,14.5
2023-07-25,4216,3550,2687,760.25,7,12.25,11.5,,,,2023-01-19,2023-01-19,7,12,14.5
2023-07-26,4240,3542,2707,720,7,12.25,11.5,,,,2023-01-20,2023-01-20,7,12,14.5
2023-07-27,4324,3552,2695,712.75,7,12.25,11.5,,,春节,#N/A,2023-01-28,7,12,14.5
2023-07-28,4302,3552,2706,704.25,7,12.25,11.5,,,,#N/A,2023-01-29,7,12,14.5
2023-07-31,4237,3566,2712,665.75,7,12.25,11.5,,,,2023-01-30,2023-01-30,7,12,14.5
2023-08-01,4285,3553,2710,652.25,7,12.25,11.5,,,,2023-01-31,2023-01-31,7,12,14.5
2023-08-02,4322,3550,2705,640,7,12.25,11.5,,,,2023-02-01,2023-02-01,7,12,14.5
2023-08-03,4313,3549,2740,627,7,12.25,11.5,,,,2023-02-02,2023-02-02,7,12,14.5
2023-08-04,4337,3546,2754,633,7,12.25,11.5,,,,2023-02-03,2023-02-03,7,12,14.5
2023-08-07,4360,3582,2764,657.5,7,12.25,11.5,,,,#N/A,2023-02-04,7,12,14.5
2023-08-08,4362,3537,2779,656.25,7,12.25,11.5,,,,#N/A,2023-02-05,7,12,14.5
2023-08-09,4410,3521,2805,635,7.5,12.25,11.5,,,,2023-02-06,2023-02-06,7,12,14.5
2023-08-10,4444,3511,2799,637.75,7.5,12.25,11.5,,,,2023-02-07,2023-02-07,7,12,14.5
2023-08-11,4481,3499,2746,626.75,7.5,12.25,11.5,,,,2023-02-08,2023-02-08,7,12,14.5
2023-08-14,3841,3499,2704,616,7.5,12.25,11.5,,,,2023-02-09,2023-02-09,7,12,14.5
2023-08-15,3906,3510,2700,598.5,7.5,12.25,11.5,,,,2023-02-10,2023-02-10,7,12,14.5
2023-08-16,3887,3543,2666,623,7.5,12.25,11.5,,,,#N/A,2023-02-11,7,12,14.5
2023-08-17,3940,3554,2625,615.25,7.5,12.25,11.5,,,,#N/A,2023-02-12,7,12,14.5
2023-08-18,3982,3577,2643,639,7.4,12.25,11.5,,,,2023-02-13,2023-02-13,7,12,14.5
2023-08-21,4068,3594,2655,625.5,7.4,12.25,11.5,,,,2023-02-14,2023-02-14,7,12,14.5
2023-08-22,4037,3593,2649,627.5,7.4,12.25,11.5,,,,2023-02-15,2023-02-15,7,12,14.5
2023-08-23,3994,3599,2665,639.75,7.4,12.25,11.5,,,,2023-02-16,2023-02-16,7,12,14.5
2023-08-24,4002,3610,2682,631.75,7.4,12.25,11.5,,,,2023-02-17,2023-02-17,7,12,14
2023-08-25,4045,3617,2706,621.75,7.4,12.25,11.5,,,,#N/A,2023-02-18,7,12,14
2023-08-28,4133,3622,2702,617,7.4,12.25,11.5,,,,#N/A,2023-02-19,7,12,14
2023-08-29,4148,3628,2726,600.5,7.4,12.25,11.5,,,,2023-02-20,2023-02-20,7,12,14
2023-08-30,4134,3641,2724,607,7.4,12.25,11.5,,,,2023-02-21,2023-02-21,7,12,14
2023-08-31,4144,3656,2731,602,7.4,12.25,11.5,,,,2023-02-22,2023-02-22,7,12,14
2023-09-01,4109,3662,2719,595.5,7.4,12.25,11.5,,,,2023-02-23,2023-02-23,7,12,14
2023-09-04,4076,3675,2685,597.375,7.4,12.25,11.5,,,,2023-02-24,2023-02-24,7,12,14
2023-09-05,4076,3664,2683,599.25,7.4,12.25,11.5,,,,#N/A,2023-02-25,7,12,14
2023-09-06,4118,3633,2688,609,7.4,12.25,11.5,,,,#N/A,2023-02-26,7,12,14
2023-09-07,4144,3612,2689,599.75,7.4,12.25,11.5,,,,2023-02-27,2023-02-27,7,12,14
2023-09-08,4090,3591,2664,595.75,7.4,12,11.5,,,,2023-02-28,2023-02-28,7,12,14
2023-09-11,4098,3587,2667,584.5,7.4,12,11.5,,,,2023-03-01,2023-03-01,7.15,12,14
2023-09-12,4084,3588,2656,587.5,7.4,12,11.5,,,,2023-03-02,2023-03-02,7.15,12,14
2023-09-13,4004,3584,2646,597.25,7.4,12,11.5,,,,2023-03-03,2023-03-03,7.3,12,14
2023-09-14,3982,3579,2661,593.75,7.4,12,11.5,,,,#N/A,2023-03-04,7.3,12,14
2023-09-15,4026,3588,2679,604.25,7.4,12,11.5,,,,#N/A,2023-03-05,7.3,12,14
2023-09-18,4036,3582,2661,591.25,7.4,12,11.5,,,,2023-03-06,2023-03-06,7.3,12,14
2023-09-19,3972,3572,2641,584,7.4,12,11.5,,,,2023-03-07,2023-03-07,7.3,12,14
2023-09-20,3969,3567,2654,588.75,7.4,12,11.5,,,,2023-03-08,2023-03-08,7.3,12,14
2023-09-21,3960,3557,2650,575.75,7.4,12,11.5,,,,2023-03-09,2023-03-09,7.3,12,14
2023-09-22,3941,3554,2648,579.5,7.4,12,11.5,,,,2023-03-10,2023-03-10,7.3,12,14
2023-09-25,3944,3561,2635,589,7.4,12,11.5,,,,#N/A,2023-03-11,7.3,13,14
2023-09-26,3975,3562,2621,589,7.4,12,11.5,,,,#N/A,2023-03-12,7.3,13,14
2023-09-27,3979,3534,2602,579.5,7.4,12,11.5,,,,2023-03-13,2023-03-13,7.3,13,14
2023-09-28,4000,3533,2616,578.75,7.4,12,11.5,,,,2023-03-14,2023-03-14,7.4,13,14
2023-10-09,3890,3495,2589,572.75,7.25,12,11.5,,,,2023-03-15,2023-03-15,7.4,13,14
2023-10-10,3831,3498,2590,558.5,7.25,12,11.5,,,,2023-03-16,2023-03-16,7.4,13,14
2023-10-11,3800,3511,2532,556,7.25,12,11.5,,,,2023-03-17,2023-03-17,7.4,13,14
2023-10-12,3802,3539,2539,571.5,7.25,12,11.5,,,,#N/A,2023-03-18,7.4,13,14
2023-10-13,3856,3547,2537,579.75,7.25,12,11.5,,,,#N/A,2023-03-19,7.4,14,14
2023-10-16,3871,3541,2531,577.25,7.25,12,11.5,,,,2023-03-20,2023-03-20,7.4,14,14
2023-10-17,3888,3542,2511,570.5,7.25,12,11.5,,,,2023-03-21,2023-03-21,7.4,14,14
2023-10-18,3918,3539,2495,580.25,7.25,12,11.5,,,,2023-03-22,2023-03-22,7.4,14,14
2023-10-19,3896,3539,2502,594,7.25,12,12.5,,,,2023-03-23,2023-03-23,7.4,14,14
2023-10-20,3919,3539,2508,586,7.25,12,12.5,,,,2023-03-24,2023-03-24,7.4,14,14
2023-10-23,3903,3561,2510,587.25,7.25,12,12.5,,,,#N/A,2023-03-25,7.4,14,14
2023-10-24,3855,3567,2516,580.5,7.25,12,12.5,,,,#N/A,2023-03-26,7.4,14,14
2023-10-25,3898,3565,2522,568.5,7.25,12,12.5,,,,2023-03-27,2023-03-27,7.4,14,14
2023-10-26,3890,3565,2498,579.5,7.25,12,12.5,,,,2023-03-28,2023-03-28,7.4,14,14
2023-10-27,3923,3566,2506,575.5,7.25,12,12.5,,,,2023-03-29,2023-03-29,7.4,14,14
2023-10-30,3980,3558,2528,566,7.25,12,12.5,,,,2023-03-30,2023-03-30,7.4,14,14
2023-10-31,3940,3590,2534,556.25,7.25,12,12.5,,,,2023-03-31,2023-03-31,7.4,14,14
2023-11-01,3941,3596,2541,561.75,7.25,12,12.5,,,,#N/A,2023-04-01,7.4,14,14
2023-11-02,3983,3594,2544,565.5,7.25,12,12.5,,,,#N/A,2023-04-02,7.4,14,14
2023-11-03,4016,3589,2547,572.5,7.25,12,12.5,,,,2023-04-03,2023-04-03,7.4,14,14
2023-11-06,4082,3587,2563,575.75,7.25,12,12.5,,,,2023-04-04,2023-04-04,7.4,14,14
2023-11-07,4120,3571,2554,570.25,7.25,12,12.5,,,清明节,#N/A,2023-04-05,7.4,14,14
2023-11-08,4132,3540,2547,592.25,7.25,12,12.5,,,,2023-04-06,2023-04-06,7.4,14,14
2023-11-09,4130,3533,2549,580.75,7.25,12,12.5,,,,2023-04-07,2023-04-07,7.4,14,11.5
2023-11-10,4070,3538,2527,575.25,7.25,12,12.5,,,,#N/A,2023-04-08,7.4,14,11
2023-11-13,4049,3521,2523,579,7.25,12,12,,,,#N/A,2023-04-09,7.4,14,11
2023-11-14,4097,3547,2533,572,7.25,12,12,,,,2023-04-10,2023-04-10,7.4,14,11
2023-11-15,4118,3574,2543,560.5,7.25,12,12,,,,2023-04-11,2023-04-11,7.4,14,11
2023-11-16,4118,3570,2550,553.5,7.25,12,12,,,,2023-04-12,2023-04-12,7.65,14,11
2023-11-17,4058,3558,2546,575.75,6.9,12,12,,,,2023-04-13,2023-04-13,7.65,14,11
2023-11-20,3987,3549,2565,570.5,6.9,12,12,,,,2023-04-14,2023-04-14,7.65,14,11
2023-11-21,4009,3510,2572,582.75,6.9,12,12,,,,#N/A,2023-04-15,7.65,14,11
2023-11-22,4026,3502,2547,584.5,6.9,12,12,,,,#N/A,2023-04-16,7.65,14,11
2023-11-23,3970,3515,2539,580.875,6.9,12,12,,,,2023-04-17,2023-04-17,7.65,14,11
2023-11-24,3966,3541,2538,577.25,6.9,12,12,,,,2023-04-18,2023-04-18,7.65,14,11
2023-11-27,3928,3542,2517,561,6.9,12,12,,,,2023-04-19,2023-04-19,7.65,14,11
2023-11-28,3886,3521,2500,572,6.9,12,12,,,,2023-04-20,2023-04-20,7.65,14,11
2023-11-29,3897,3509,2493,585.75,6.9,12,12,,,,2023-04-21,2023-04-21,7.65,14,11.5
2023-11-30,3884,3498,2498,598,6.9,12,12,,,,#N/A,2023-04-22,7.65,14,11.5
2023-12-01,3862,3496,2493,602.75,6.9,12,12,,,,#N/A,2023-04-23,7.65,14,11.5
2023-12-04,3881,3491,2491,620.5,6.9,12,12,,,,2023-04-24,2023-04-24,7.65,14,11.5
2023-12-05,3905,3499,2487,631.25,6.9,12,12,,,,2023-04-25,2023-04-25,7.65,14,11.5
2023-12-06,3901,3491,2489,633.5,6.9,12,12,,,,2023-04-26,2023-04-26,7.65,14,11.5
2023-12-07,3922,3507,2493,642.25,6.9,12,12,,,,2023-04-27,2023-04-27,7.65,14,11.5
2023-12-08,3961,3513,2490,631.75,6.9,12,12,,,,2023-04-28,2023-04-28,7.65,14,11.5
2023-12-11,3432,3506,2488,609.5,6.9,12,12,,,,#N/A,2023-04-29,7.65,14,11.5
2023-12-12,3454,3501,2466,625.5,6.9,12,12,,,,#N/A,2023-04-30,7.65,14,11.5
2023-12-13,3458,3501,2459,605.25,6.9,12,12,,,,#N/A,2023-05-01,7.65,14,11.5
2023-12-14,3430,3502,2451,615.75,6.9,12,12,,,,#N/A,2023-05-02,7.65,14,11.5
2023-12-15,3424,3537,2450,629.25,6.9,12,12,,,劳动节,#N/A,2023-05-03,7.65,14,11.5
2023-12-18,3386,3537,2409,617,6.9,12,12,,,,2023-05-04,2023-05-04,7.65,14,11.5
2023-12-19,3393,3540,2383,622.75,6.9,12,12,,,,2023-05-05,2023-05-05,7.65,14,11.5
2023-12-20,3362,3535,2382,610,6.9,12,12,,,,#N/A,2023-05-06,7.65,14,11.5
2023-12-21,3345,3535,2393,612.5,6.9,12,12,,,,#N/A,2023-05-07,7.65,14,11.5
2023-12-22,3332,3528,2411,616.25,6.9,12,12,,,,2023-05-08,2023-05-08,7.65,14,11.5
2023-12-25,3336,3522,2440,626.25,6.9,12,12,,,,2023-05-09,2023-05-09,7.65,14,11.5
2023-12-26,3351,3525,2427,636.25,6.9,12,12,,,,2023-05-10,2023-05-10,7.65,14,11.5
2023-12-27,3350,3536,2413,623,6.9,12,12,,,,2023-05-11,2023-05-11,7.65,14,11.5
2023-12-28,3361,3545,2422,631.5,6.9,12,12,,,,2023-05-12,2023-05-12,7.65,14,11.5
2023-12-29,3343,3525,2423,628,6.9,12,12,,,,#N/A,2023-05-13,7.65,14,11.5
2024-01-02,3258,3518,2421,606.75,6.9,12,12,,,,#N/A,2023-05-14,7.65,14,11.5
2024-01-03,3239,3525,2434,600.25,6.9,12,12,,,,2023-05-15,2023-05-15,7.65,14,11.5
2024-01-04,3254,3515,2432,613.5,6.9,12,12,,,,2023-05-16,2023-05-16,7.5,14,11.5
2024-01-05,3226,3514,2405,616,6.9,12,12,,,,2023-05-17,2023-05-17,7.5,14,11.5
2024-01-08,3174,3528,2393,596.25,6.9,12,12,,,,2023-05-18,2023-05-18,7.5,14,11.5
2024-01-09,3154,3542,2381,610,6.9,12,12,,,,2023-05-19,2023-05-19,7.5,14,11.5
2024-01-10,3152,3550,2372,610.75,7.25,12,12,,,,#N/A,2023-05-20,7.5,14,11.5
2024-01-11,3125,3545,2387,603.75,7.25,12,12,,,,#N/A,2023-05-21,7.5,14,11.5
2024-01-12,3098,3552,2389,596,7.25,12,12,,,,#N/A,2023-05-21,7.5,14,11.5
2024-01-15,3068,3551,2378,589,7.25,12,12,,,,2023-05-22,2023-05-22,7.5,14,11.5
2024-01-16,3064,3543,2379,582,7.25,12,12,,,,2023-05-23,2023-05-23,7.5,14,11.5
2024-01-17,3076,3530,2371,582.5,7.25,12,12,,,,2023-05-24,2023-05-24,7.5,14,11.5
2024-01-18,3017,3526,2346,585.5,7.25,12,12,,,,2023-05-25,2023-05-25,7.5,14,11.5
2024-01-19,3035,3527,2352,593.25,7.25,12,12,,,,2023-05-26,2023-05-26,7.5,14,11.5
2024-01-22,3048,3510,2328,596.5,7.25,12,12,,,,#N/A,2023-05-27,7.5,14,11.5
2024-01-23,3046,3515,2329,596.5,7.25,12,12,,,,#N/A,2023-05-28,7.5,14,11.5
2024-01-24,3066,3520,2344,610.75,7.25,12,12,,,,2023-05-29,2023-05-29,7.5,14,11.5
2024-01-25,3060,3519,2348,612.25,7.25,12,12,,,,2023-05-30,2023-05-30,7.5,14,11.5
2024-01-26,3018,3520,2348,600.25,7.25,12,12,,,,2023-05-31,2023-05-31,7.5,14,11.5
2024-01-29,2955,3521,2372,593.5,7.25,12,12,,,,2023-06-01,2023-06-01,7.5,14,11.5
2024-01-30,2948,3510,2372,605.5,7.25,12,12,,,,2023-06-02,2023-06-02,7.5,14,11.5
2024-01-31,2986,3502,2383,595.25,7.25,12,12,,,,#N/A,2023-06-03,7.5,14,11.5
2024-02-01,3020,3476,2394,601.5,7.25,12,12,,,,#N/A,2023-06-04,7.5,14,11.5
2024-02-02,3009,3455,2402,599.75,7.4,12,12,,,,2023-06-05,2023-06-05,7.5,14,11.5
2024-02-05,2999,3458,2390,590.25,7.4,12,12,,,,2023-06-06,2023-06-06,7.5,14,11.5
2024-02-06,2993,3469,2404,595,7.4,12,12,,,,2023-06-07,2023-06-07,7.5,14,11.5
2024-02-07,2999,3465,2408,602,7.4,12,12,,,,2023-06-08,2023-06-08,7.5,14,11.5
2024-02-08,2983,3500,2408,588.5,7.4,12,12,,,,2023-06-09,2023-06-09,7.5,14,11.5
2024-02-19,3025,3478,2389,583.875,7.4,12,12,,,,#N/A,2023-06-10,7.5,13,11.5
2024-02-20,3042,3452,2401,579.25,7.4,12,12,,,,#N/A,2023-06-11,7.5,12.75,11.5
2024-02-21,3012,3482,2419,578,7.4,12,12,,,,2023-06-12,2023-06-12,7.5,12.75,11.5
2024-02-22,2983,3473,2441,579.25,7.4,12,12,,,,2023-06-13,2023-06-13,7.5,12.75,11.5
2024-02-23,2983,3457,2459,569,7.4,12,12,,,,2023-06-14,2023-06-14,7.25,12.75,11.5
2024-02-26,2987,3449,2465,574.75,7.4,12,11.5,,,,2023-06-15,2023-06-15,7,12.75,11.5
2024-02-27,3011,3445,2453,584.25,7.4,12,11.5,,,,2023-06-16,2023-06-16,7,12.75,11.5
2024-02-28,3028,3453,2458,574.75,7.4,12,11.5,,,,#N/A,2023-06-17,7,12.75,11.5
2024-02-29,3021,3449,2456,576.25,7.4,12,11.5,,,,#N/A,2023-06-18,7,12.75,11.5
2024-03-01,3049,3445,2464,557.75,7.4,12,11.5,,,,2023-06-19,2023-06-19,7,12.75,11.5
2024-03-04,3109,3442,2442,564,7.15,12,11.5,,,,2023-06-20,2023-06-20,7,12.75,11.5
2024-03-05,3129,3444,2440,551,7.15,12,11.5,,,,2023-06-21,2023-06-21,7,12.75,11.5
2024-03-06,3134,3443,2447,531,7.15,12,11.5,,,,#N/A,2023-06-22,7,12.75,11.5
2024-03-07,3131,3449,2457,528.5,7.15,12,11.5,,,,#N/A,2023-06-23,7,12.75,11.5
2024-03-08,3185,3452,2451,537.75,7.15,12,11.5,,,端午节,#N/A,2023-06-24,7,12.75,11.5
2024-03-11,3220,3450,2431,547.25,7.15,12,11.5,,,,#N/A,2023-06-25,7,12.75,11.5
2024-03-12,3228,3445,2444,547.5,7.15,12,11.5,,,,2023-06-26,2023-06-26,7,12.75,11.5
2024-03-13,3226,3443,2440,544.25,7.15,12,11.5,,,,2023-06-27,2023-06-27,7,12.75,11.5
2024-03-14,3239,3443,2434,532.25,7.15,12,11.5,,,,2023-06-28,2023-06-28,7,12.75,11.5
2024-03-15,3278,3582,2437,528.5,7.15,12,11.5,,,,2023-06-29,2023-06-29,7,12.75,11.5
2024-03-18,3290,3585,2451,542.75,7.15,12,11.5,,,,2023-06-30,2023-06-30,7,12.75,11.5
2024-03-19,3281,3587,2423,552.5,7.15,12,11.5,,,,#N/A,2023-07-01,7,12.75,11.5
2024-03-20,3302,3591,2425,545,7.15,12,11.5,,,,#N/A,2023-07-02,7,12.75,11.5
2024-03-21,3370,3595,2422,546.75,7.15,12,11.5,,,,2023-07-03,2023-07-03,7,12.75,11.5
2024-03-22,3345,3592,2408,554.75,7.15,12,11.5,,,,2023-07-04,2023-07-04,7,12.75,11.5
2024-03-25,3264,3596,2402,555,7.15,12,11.5,,,,2023-07-05,2023-07-05,7,12.75,11.5
2024-03-26,3261,3596,2388,543.5,7.15,12,11.5,,,,2023-07-06,2023-07-06,7,12.25,11.5
2024-03-27,3254,3592,2387,547.5,7.15,12,11.5,,,,2023-07-07,2023-07-07,7,12.25,11.5
2024-03-28,3229,3596,2400,560.25,7.15,12,12,,,,#N/A,2023-07-08,7,12.25,11.5
2024-03-29,3239,3601,2415,558.625,7,12,12,,,,#N/A,2023-07-09,7,12.25,11.5
2024-04-01,3260,3599,2416,557,6.9,12,12,,,,2023-07-10,2023-07-10,7,12.25,11.5
2024-04-02,3331,3599,2428,545.25,6.9,12,12,,,,2023-07-11,2023-07-11,7,12.25,11.5
2024-04-03,3291,3607,2435,556,6.9,12,12,,,,2023-07-12,2023-07-12,7,12.25,11.5
2024-04-08,3327,3604,2413,565.75,6.9,12,12,,,,2023-07-13,2023-07-13,7,12.25,11.5
2024-04-09,3332,3601,2414,557.75,6.9,12,12,,,,2023-07-14,2023-07-14,7,12.25,11.5
2024-04-10,3326,3597,2417,558.5,6.9,12,12,,,,#N/A,2023-07-15,7,12.25,11.5
2024-04-11,3294,3613,2405,551.75,6.9,12,12,,,,#N/A,2023-07-16,7,12.25,11.5
2024-04-12,3291,3605,2395,556,6.9,12,12,,,,2023-07-17,2023-07-17,7,12.25,11.5
2024-04-15,3355,3611,2396,551.75,6.9,11.75,12,,,,2023-07-18,2023-07-18,7,12.25,11.5
2024-04-16,3377,3609,2386,564.75,6.9,11.75,12,,,,2023-07-19,2023-07-19,7,12.25,11.5
2024-04-17,3326,3605,2377,552.25,6.9,11.75,12,,,,2023-07-20,2023-07-20,7,12.25,11.5
2024-04-18,3307,3609,2382,553,6.9,11.75,12,,,,2023-07-21,2023-07-21,7,12.25,11.5
2024-04-19,3331,3605,2407,566.75,6.9,11.75,12,,,,#N/A,2023-07-22,7,12.25,11.5
2024-04-22,3350,3597,2412,587.5,6.9,11.75,12,,,,#N/A,2023-07-23,7,12.25,11.5
2024-04-23,3364,3600,2414,602.75,6.9,11.75,12,,,,2023-07-24,2023-07-24,7,12.25,11.5
2024-04-24,3381,3603,2417,613,6.9,11.75,12,,,,2023-07-25,2023-07-25,7,12.25,11.5
2024-04-25,3378,3604,2414,620.5,6.9,11.75,12,,,,2023-07-26,2023-07-26,7,12.25,11.5
2024-04-26,3380,3612,2396,622.25,6.9,11.75,12,,,,2023-07-27,2023-07-27,7,12.25,11.5
2024-04-29,3376,3610,2387,608.5,6.9,11.75,12,,,,2023-07-28,2023-07-28,7,12.25,11.5
2024-04-30,3384,3605,2386,603.25,6.9,11.75,12,,,,#N/A,2023-07-29,7,12.25,11.5
2024-05-06,3478,3605,2400,648.75,6.9,11.75,12,,,,#N/A,2023-07-30,7,12.25,11.5
2024-05-07,3556,3608,2427,642.75,6.9,11.75,12,,,,2023-07-31,2023-07-31,7,12.25,11.5
2024-05-08,3587,3587,2442,634,6.9,11.75,12,,,,2023-08-01,2023-08-01,7,12.25,11.5
2024-05-09,3582,3570,2452,637.5,6.9,11.75,12,,,,2023-08-02,2023-08-02,7,12.25,11.5
2024-05-10,3536,3566,2446,663.5,6.9,11.75,12,,,,2023-08-03,2023-08-03,7,12.25,11.5
2024-05-13,3542,3566,2451,687,6.9,11.75,12,,,,2023-08-04,2023-08-04,7,12.25,11.5
2024-05-14,3559,3561,2457,672.5,6.9,11.75,12,,,,#N/A,2023-08-05,7,12.25,11.5
2024-05-15,3549,3551,2454,665.75,6.9,11.75,12,,,,#N/A,2023-08-06,7,12.25,11.5
2024-05-16,3562,3549,2464,663.25,6.9,11.75,12,,,,2023-08-07,2023-08-07,7,12.25,11.5
2024-05-17,3571,3550,2464,651.25,6.9,11.75,12,,,,2023-08-08,2023-08-08,7,12.25,11.5
2024-05-20,3578,3548,2455,688.75,6.9,11.75,12,,,,2023-08-09,2023-08-09,7.5,12.25,11.5
2024-05-21,3601,3547,2450,697.5,6.9,11.75,12,,,,2023-08-10,2023-08-10,7.5,12.25,11.5
2024-05-22,3594,3540,2465,693,6.9,11.75,12,,,,2023-08-11,2023-08-11,7.5,12.25,11.5
2024-05-23,3613,3545,2474,698,6.9,11.75,12,,,,#N/A,2023-08-12,7.5,12.25,11.5
2024-05-24,3624,3536,2469,697.25,6.9,11.75,12,,,,#N/A,2023-08-13,7.5,12.25,11.5
2024-05-27,3599,3535,2453,698.75,6.9,11.75,12,,,,2023-08-14,2023-08-14,7.5,12.25,11.5
2024-05-28,3589,3533,2451,700.25,6.9,11.75,12,,,,2023-08-15,2023-08-15,7.5,12.25,11.5
2024-05-29,3503,3533,2438,692.75,6.9,11.75,12,,,,2023-08-16,2023-08-16,7.5,12.25,11.5
2024-05-30,3486,3528,2431,681,6.9,11.75,12,,,,2023-08-17,2023-08-17,7.5,12.25,11.5
2024-05-31,3485,3525,2434,678.5,6.9,11.75,12,,,,2023-08-18,2023-08-18,7.4,12.25,11.5
2024-06-03,3466,3522,2437,672.75,6.9,11.75,12,,,,#N/A,2023-08-19,7.4,12.25,11.5
2024-06-04,3457,3518,2434,658.25,6.9,11.75,12,,,,#N/A,2023-08-20,7.4,12.25,11.5
2024-06-05,3480,3513,2434,646.75,6.9,11.75,12,,,,2023-08-21,2023-08-21,7.4,12.25,11.5
2024-06-06,3486,3510,2441,639.5,6.9,11.75,12,,,,2023-08-22,2023-08-22,7.4,12.25,11.5
2024-06-07,3510,3507,2483,627.5,6.9,11.75,12,,,,2023-08-23,2023-08-23,7.4,12.25,11.5
2024-06-11,3489,3511,2489,626.5,6.9,11.75,12,,,,2023-08-24,2023-08-24,7.4,12.25,11.5
2024-06-12,3473,3510,2490,617,6.9,11.75,12,,,,2023-08-25,2023-08-25,7.4,12.25,11.5
2024-06-13,3459,3500,2486,620,6.9,11.75,12,,,,#N/A,2023-08-26,7.4,12.25,11.5
2024-06-14,3446,3500,2487,612.75,6.9,11.75,12,,,,#N/A,2023-08-27,7.4,12.25,11.5
2024-06-17,3411,3494,2474,591.5,6.9,11.75,12,,,,2023-08-28,2023-08-28,7.4,12.25,11.5
2024-06-18,3371,3493,2465,582,6.9,11.75,12,,,,2023-08-29,2023-08-29,7.4,12.25,11.5
2024-06-19,3370,3486,2461,584,6.9,11.75,12,,,,2023-08-30,2023-08-30,7.4,12.25,11.5
2024-06-20,3370,3479,2463,586,6.9,11.75,12,,,,2023-08-31,2023-08-31,7.4,12.25,11.5
2024-06-21,3346,3478,2466,575.75,6.9,11.75,12,,,,2023-09-01,2023-09-01,7.4,12.25,11.5
2024-06-24,3349,3478,2485,571,6.9,11.75,12,,,,#N/A,2023-09-02,7.4,12.25,11.5
2024-06-25,3345,3478,2495,560.5,6.9,11.75,12,,,,#N/A,2023-09-03,7.4,12.25,11.5
2024-06-26,3351,3472,2511,560.5,6.9,11.75,12,,,,2023-09-04,2023-09-04,7.4,12.25,11.5
2024-06-27,3358,3486,2513,579.5,6.9,11.75,12,,,,2023-09-05,2023-09-05,7.4,12.25,11.5
2024-06-28,3368,3483,2510,573.5,6.9,11.75,12,,,,2023-09-06,2023-09-06,7.4,12.25,11.5
2024-07-01,3356,3479,2491,590.25,6.9,11.75,12,,,,2023-09-07,2023-09-07,7.4,12.25,11.5
2024-07-02,3367,3512,2481,581,6.9,11.75,12,,,,2023-09-08,2023-09-08,7.4,12,11.5
2024-07-03,3394,3480,2487,574,6.9,11.75,12,,,,#N/A,2023-09-09,7.4,12,11.5
2024-07-04,3345,3485,2476,582.25,6.9,11.75,12,,,,#N/A,2023-09-10,7.4,12,11.5
2024-07-05,3327,3520,2472,590.5,6.9,11.75,12,,,,2023-09-11,2023-09-11,7.4,12,11.5
2024-07-08,3332,3491,2465,570.5,6.9,11.75,12,,,,2023-09-12,2023-09-12,7.4,12,11.5
2024-07-09,3266,3511,2444,572,6.9,11.75,12,,,,2023-09-13,2023-09-13,7.4,12,11.5
2024-07-10,3230,3485,2424,561.5,6.9,11.75,12,,,,2023-09-14,2023-09-14,7.4,12,11.5
2024-07-11,3213,3486,2418,571.25,6.9,11.75,12,,,,2023-09-15,2023-09-15,7.4,12,11.5
2024-07-12,3188,3490,2415,550.75,6.9,11.75,12,,,,#N/A,2023-09-16,7.4,12,11.5
2024-07-15,3122,3496,2396,532.5,6.9,11.75,12,,,,#N/A,2023-09-17,7.4,12,11.5
2024-07-16,3093,3494,2379,530.75,6.9,11.75,12,,,,2023-09-18,2023-09-18,7.4,12,11.5
2024-07-17,3131,3486,2386,539.25,6.9,11.75,12,,,,2023-09-19,2023-09-19,7.4,12,11.5
2024-07-18,3108,3484,2386,535.25,6.9,11.75,12,,,,2023-09-20,2023-09-20,7.4,12,11.5
2024-07-19,3128,3487,2391,542.75,6.9,11.75,12,,,,2023-09-21,2023-09-21,7.4,12,11.5
2024-07-22,3158,3484,2405,548,6.9,11.75,12,,,,2023-09-22,2023-09-22,7.4,12,11.5
2024-07-23,3170,3482,2401,542.75,6.9,11.75,12,,,,#N/A,2023-09-23,7.4,12,11.5
2024-07-24,3166,3482,2381,547,6.9,11.75,12,,,,#N/A,2023-09-24,7.4,12,11.5
2024-07-25,3148,3485,2353,537.75,6.9,11.75,12,,,,2023-09-25,2023-09-25,7.4,12,11.5
2024-07-26,3169,3484,2350,523.5,6.9,11.75,12,,,,2023-09-26,2023-09-26,7.4,12,11.5
2024-07-29,3099,3481,2340,531,6.9,11.75,12,,,,2023-09-27,2023-09-27,7.4,12,11.5
2024-07-30,3084,3476,2344,524,6.9,11.75,12,,,,2023-09-28,2023-09-28,7.4,12,11.5
2024-07-31,3072,3489,2342,527.25,6.9,11.75,12,,,,#N/A,2023-09-29,7.4,12,11.5
2024-08-01,3065,3528,2343,532,7,11.75,12,,,,#N/A,2023-09-30,7.4,12,11.5
2024-08-02,3065,3529,2320,539,7,11.75,12,,,,#N/A,2023-10-01,7.4,12,11.5
2024-08-05,3075,3528,2300,539.5,7,11.75,12,,,,#N/A,2023-10-02,7.4,12,11.5
2024-08-06,3038,3517,2275,543.25,7,11.75,12,,,,#N/A,2023-10-03,7.4,12,11.5
2024-08-07,2997,3532,2263,538.25,7,11.75,12,,,,#N/A,2023-10-04,7.4,12,11.5
2024-08-08,2990,3514,2284,537.5,6.9,11.75,12,,,,#N/A,2023-10-05,7.5,12,11.5
2024-08-09,2978,3497,2307,542.5,6.9,11.75,12,,,,#N/A,2023-10-06,7.5,12,11.5
2024-08-12,2980,3496,2305,536.75,6.9,11.75,12,,,国庆节和中秋节,#N/A,2023-10-07,7.25,12,11.5
2024-08-13,2929,3499,2300,528.75,6.9,11.75,12,,,,#N/A,2023-10-08,7.25,12,11.5
2024-08-14,2902,3494,2287,534.75,6.75,11.75,12,,,,2023-10-09,2023-10-09,7.25,12,11.5
2024-08-15,2938,3493,2292,528.25,6.75,11.75,12,,,,2023-10-10,2023-10-10,7.25,12,11.5
2024-08-16,2947,3491,2264,530,6.75,11.75,12,,,,2023-10-11,2023-10-11,7.25,12,11.5
2024-08-19,2932,3487,2272,552.25,6.75,11.5,12,,,,2023-10-12,2023-10-12,7.25,12,11.5
2024-08-20,2942,3483,2286,556.5,6.75,11.5,12,,,,2023-10-13,2023-10-13,7.25,12,11.5
2024-08-21,2943,3477,2290,544,6.75,11.5,12,,,,#N/A,2023-10-14,7.25,12,11.5
2024-08-22,2963,3474,2311,535.5,6.75,11.5,12,,,,#N/A,2023-10-15,7.25,12,11.5
2024-08-23,2942,3467,2314,528,6.75,11.5,12,,,,2023-10-16,2023-10-16,7.25,12,11.5
2024-08-26,2933,3465,2325,525,6.75,11.5,12,,,,2023-10-17,2023-10-17,7.25,12,11.5
2024-08-27,2962,3467,2345,535.5,6.75,11.5,12,,,,2023-10-18,2023-10-18,7.25,12,11.5
2024-08-28,3008,3475,2348,541.5,6.75,11.5,12,,,,2023-10-19,2023-10-19,7.25,12,12.5
2024-08-29,3000,3465,2341,548.75,6.9,11.5,12,,,,2023-10-20,2023-10-20,7.25,12,12.5
2024-08-30,3023,3470,2336,551.5,6.9,11.5,12,,,,#N/A,2023-10-21,7.25,12,12.5
2024-09-02,3021,3459,2314,559.125,6.9,11.5,12,,,,#N/A,2023-10-22,7.25,12,12.5
2024-09-03,3061,3467,2273,566.75,6.9,11.5,12,,,,2023-10-23,2023-10-23,7.25,12,12.5
2024-09-04,3052,3499,2282,580.75,6.9,11.5,12,,,,2023-10-24,2023-10-24,7.25,12,12.5
2024-09-05,3072,3515,2289,574.75,6.9,11.5,12,,,,2023-10-25,2023-10-25,7.25,12,12.5
2024-09-06,3097,3521,2277,567,6.9,11.5,12,,,,2023-10-26,2023-10-26,7.25,12,12.5
2024-09-09,3098,3486,2237,568.5,6.9,11.5,12,,,,2023-10-27,2023-10-27,7.25,12,12.5
2024-09-10,3073,3483,2214,574.25,6.9,11.5,12,,,,#N/A,2023-10-28,7.25,12,12.5
2024-09-11,3037,3474,2195,579.25,6.9,11.5,12,,,,#N/A,2023-10-29,7.25,12,12.5
2024-09-12,3044,3478,2199,578.5,6.9,11.5,12,,,,2023-10-30,2023-10-30,7.25,12,12.5
2024-09-13,3057,3475,2195,594.75,6.9,11.5,12,,,,2023-10-31,2023-10-31,7.25,12,12.5
2024-09-18,3121,3482,2183,575.75,6.9,11.5,12,,,,2023-11-01,2023-11-01,7.25,12,12.5
2024-09-19,3096,3488,2182,565.5,6.9,11.5,12,,,,2023-11-02,2023-11-02,7.25,12,12.5
2024-09-20,3058,3487,2164,568.5,6.9,11.5,12,,,,2023-11-03,2023-11-03,7.25,12,12.5
2024-09-23,3045,3491,2134,582.5,6.9,11.5,12,,,,#N/A,2023-11-04,7.25,12,12.5
2024-09-24,3092,3491,2136,578,6.9,11.5,12,,,,#N/A,2023-11-05,7.25,12,12.5
2024-09-25,3092,3492,2148,589.25,6.9,11.5,12,,,,2023-11-06,2023-11-06,7.25,12,12.5
2024-09-26,3097,3482,2135,584.25,6.9,11.5,12,,,,2023-11-07,2023-11-07,7.25,12,12.5
2024-09-27,3089,3481,2171,580,6.9,11.5,12,,,,2023-11-08,2023-11-08,7.25,12,12.5
2024-09-30,3127,3484,2205,584,6.9,11.5,12,,,,2023-11-09,2023-11-09,7.25,12,12.5
2024-10-08,3052,3484,2193,594.75,6.9,11.5,12,,,,2023-11-10,2023-11-10,7.25,12,12.5
2024-10-09,3042,3483,2181,599,6.9,11.5,12,,,,#N/A,2023-11-11,7.25,12,12.5
2024-10-10,3021,3486,2215,603.75,6.9,11.5,12,,,,#N/A,2023-11-12,7.25,12,12
2024-10-11,3000,3483,2212,599,6.9,11.5,12,,,,2023-11-13,2023-11-13,7.25,12,12
2024-10-14,2983,3476,2226,585.25,6.9,11.5,12,,,,2023-11-14,2023-11-14,7.25,12,12
2024-10-15,2997,3493,2223,579.5,6.9,11.5,12,,,,2023-11-15,2023-11-15,7.25,12,12
2024-10-16,2998,3496,2209,585,6.75,11.5,12,,,,2023-11-16,2023-11-16,7.25,12,12
2024-10-17,2993,3494,2203,589.5,6.75,11.5,12,,,,2023-11-17,2023-11-17,6.9,12,12
2024-10-18,2970,3503,2190,572.75,6.75,11.5,12,,,,#N/A,2023-11-18,6.9,12,12
2024-10-21,2983,3529,2179,572.25,6.75,11.5,12,,,,#N/A,2023-11-19,6.9,12,12
2024-10-22,2976,3514,2170,576,6.75,11.5,12,,,,2023-11-20,2023-11-20,6.9,12,12
2024-10-23,2993,3496,2201,578.5,6.75,11.5,12,,,,2023-11-21,2023-11-21,6.9,12,12
2024-10-24,2989,3497,2231,581.5,6.65,11.5,12,,,,2023-11-22,2023-11-22,6.9,12,12
2024-10-25,2979,3496,2228,569,6.65,11.5,12,,,,2023-11-23,2023-11-23,6.9,12,12
2024-10-28,2965,3499,2220,558.75,6.65,11.5,12,,,,2023-11-24,2023-11-24,6.9,12,12
2024-10-29,2983,3494,2226,570.5,6.65,11.5,12,,,,#N/A,2023-11-25,6.9,12,12
2024-10-30,2995,3496,2236,573.25,6.65,11.5,12,,,,#N/A,2023-11-26,6.9,12,12
2024-10-31,2999,3483,2245,570.5,6.65,11.5,12,,,,2023-11-27,2023-11-27,6.9,12,12
2024-11-01,2986,3469,2239,568,6.65,11.5,12,,,,2023-11-28,2023-11-28,6.9,12,12
2024-11-04,2980,3457,2228,568.75,6.65,11.5,12,,,,2023-11-29,2023-11-29,6.9,12,12
2024-11-05,2973,3537,2217,572.5,6.65,11.5,12,,,,2023-11-30,2023-11-30,6.9,12,12
2024-11-06,2989,3549,2222,573.25,6.65,11.5,12,,,,2023-12-01,2023-12-01,6.9,12,12
2024-11-07,3068,3536,2223,571.5,6.65,11.5,12,,,,#N/A,2023-12-02,6.9,12,12
2024-11-08,3061,3538,2211,572.5,6.65,11.5,12,,,,#N/A,2023-12-03,6.9,12,12
2024-11-11,3063,3537,2191,565.5,6.65,11.5,12,,,,2023-12-04,2023-12-04,6.9,12,12
2024-11-12,3077,3535,2186,552.25,6.65,11.5,12,,,,2023-12-05,2023-12-05,6.9,12,12
2024-11-13,3067,3532,2197,541,6.65,11.5,12,,,,2023-12-06,2023-12-06,6.9,12,12
2024-11-14,3045,3526,2199,530.25,6.65,11.5,12,,,,2023-12-07,2023-12-07,6.9,12,12
2024-11-15,2851,3521,2187,536.5,6.65,11.5,12,,,,2023-12-08,2023-12-08,6.9,12,12
2024-11-18,2821,3514,2201,547.25,6.65,11.5,12,,,,#N/A,2023-12-09,6.9,12,12
2024-11-19,2829,3509,2206,567.75,6.65,11.5,12,,,,#N/A,2023-12-10,6.9,12,12
2024-11-20,2824,3509,2199,572.25,6.65,11.5,12,,,,2023-12-11,2023-12-11,6.9,12,12
2024-11-21,2820,3509,2196,569.5,6.65,11.5,12,,,,2023-12-12,2023-12-12,6.9,12,12
2024-11-22,2791,3508,2201,564.75,6.65,11.5,12,,,,2023-12-13,2023-12-13,6.9,12,12
2024-11-25,2787,3505,2198,555.75,6.65,11.5,12,,,,2023-12-14,2023-12-14,6.9,12,12
2024-11-26,2801,3502,2193,558,6.65,11.5,12,,,,2023-12-15,2023-12-15,6.9,12,12
2024-11-27,2806,3495,2183,548.5,6.65,11.5,12,,,,#N/A,2023-12-16,6.9,12,12
2024-11-28,2798,3494,2181,548.25,6.65,0,0,,,,#N/A,2023-12-17,6.9,12,12
2024-11-29,2802,3456,2167,548,6.75,0,0,,,,2023-12-18,2023-12-18,6.9,12,12
,,,,,,,,,,,2023-12-19,2023-12-19,6.9,12,12
,,,,,,,,,,,2023-12-20,2023-12-20,6.9,12,12
,,,,,,,,,,,2023-12-21,2023-12-21,6.9,12,12
,,,,,,,,,,,2023-12-22,2023-12-22,6.9,12,12
,,,,,,,,,,,#N/A,2023-12-23,6.9,12,12
,,,,,,,,,,,#N/A,2023-12-24,6.9,12,12
,,,,,,,,,,,2023-12-25,2023-12-25,6.9,12,12
,,,,,,,,,,,2023-12-26,2023-12-26,6.9,12,12
,,,,,,,,,,,2023-12-27,2023-12-27,6.9,12,12
,,,,,,,,,,,2023-12-28,2023-12-28,6.9,12,12
,,,,,,,,,,,2023-12-29,2023-12-29,6.9,12,12
,,,,,,,,,,,#N/A,2023-12-30,6.9,12,12
,,,,,,,,,,元旦节,#N/A,2023-12-31,6.9,12,12
,,,,,,,,,,,#N/A,2024-01-01,6.9,12,12
,,,,,,,,,,,2024-01-02,2024-01-02,6.9,12,12
,,,,,,,,,,,2024-01-03,2024-01-03,6.9,12,12
,,,,,,,,,,,2024-01-04,2024-01-04,6.9,12,12
,,,,,,,,,,,2024-01-05,2024-01-05,6.9,12,12
,,,,,,,,,,,#N/A,2024-01-06,6.9,12,12
,,,,,,,,,,,#N/A,2024-01-07,6.9,12,12
,,,,,,,,,,,2024-01-08,2024-01-08,6.9,12,12
,,,,,,,,,,,2024-01-09,2024-01-09,6.9,12,12
,,,,,,,,,,,2024-01-10,2024-01-10,7.25,12,12
,,,,,,,,,,,2024-01-11,2024-01-11,7.25,12,12
,,,,,,,,,,,2024-01-12,2024-01-12,7.25,12,12
,,,,,,,,,,,#N/A,2024-01-13,7.25,12,12
,,,,,,,,,,,#N/A,2024-01-14,7.25,12,12
,,,,,,,,,,,2024-01-15,2024-01-15,7.25,12,12
,,,,,,,,,,,2024-01-16,2024-01-16,7.25,12,12
,,,,,,,,,,,2024-01-17,2024-01-17,7.25,12,12
,,,,,,,,,,,2024-01-18,2024-01-18,7.25,12,12
,,,,,,,,,,,2024-01-19,2024-01-19,7.25,12,12
,,,,,,,,,,,#N/A,2024-01-20,7.25,12,12
,,,,,,,,,,,#N/A,2024-01-21,7.25,12,12
,,,,,,,,,,,2024-01-22,2024-01-22,7.25,12,12
,,,,,,,,,,,2024-01-23,2024-01-23,7.25,12,12
,,,,,,,,,,,2024-01-24,2024-01-24,7.25,12,12
,,,,,,,,,,,2024-01-25,2024-01-25,7.25,12,12
,,,,,,,,,,,2024-01-26,2024-01-26,7.25,12,12
,,,,,,,,,,,#N/A,2024-01-27,7.25,12,12
,,,,,,,,,,,#N/A,2024-01-28,7.25,12,12
,,,,,,,,,,,2024-01-29,2024-01-29,7.25,12,12
,,,,,,,,,,,2024-01-30,2024-01-30,7.25,12,12
,,,,,,,,,,,2024-01-31,2024-01-31,7.25,12,12
,,,,,,,,,,,2024-02-01,2024-02-01,7.25,12,12
,,,,,,,,,,,2024-02-02,2024-02-02,7.4,12,12
,,,,,,,,,,,2024-02-02,2024-02-02,7.4,12,12
,,,,,,,,,,,#N/A,2024-02-03,7.4,12,12
,,,,,,,,,,,#N/A,2024-02-04,7.4,12,12
,,,,,,,,,,,2024-02-05,2024-02-05,7.4,12,12
,,,,,,,,,,,2024-02-06,2024-02-06,7.4,12,12
,,,,,,,,,,,2024-02-07,2024-02-07,7.4,12,12
,,,,,,,,,,,2024-02-08,2024-02-08,7.4,12,12
,,,,,,,,,,春节,#N/A,2024-02-17,7.4,12,12
,,,,,,,,,,,#N/A,2024-02-18,7.4,12,12
,,,,,,,,,,,2024-02-19,2024-02-19,7.4,12,12
,,,,,,,,,,,2024-02-20,2024-02-20,7.4,12,12
,,,,,,,,,,,2024-02-21,2024-02-21,7.4,12,12
,,,,,,,,,,,2024-02-22,2024-02-22,7.4,12,12
,,,,,,,,,,,2024-02-23,2024-02-23,7.4,12,12
,,,,,,,,,,,#N/A,2024-02-24,7.4,12,12
,,,,,,,,,,,#N/A,2024-02-25,7.4,12,12
,,,,,,,,,,,2024-02-26,2024-02-26,7.4,12,11.5
,,,,,,,,,,,2024-02-27,2024-02-27,7.4,12,11.5
,,,,,,,,,,,2024-02-28,2024-02-28,7.4,12,11.5
,,,,,,,,,,,2024-02-29,2024-02-29,7.4,12,11.5
,,,,,,,,,,,2024-03-01,2024-03-01,7.4,12,11.5
,,,,,,,,,,,#N/A,2024-03-02,7.4,12,11.5
,,,,,,,,,,,#N/A,2024-03-03,7.4,12,11.5
,,,,,,,,,,,2024-03-04,2024-03-04,7.15,12,11.5
,,,,,,,,,,,2024-03-05,2024-03-05,7.15,12,11.5
,,,,,,,,,,,2024-03-06,2024-03-06,7.15,12,11.5
,,,,,,,,,,,2024-03-07,2024-03-07,7.15,12,11.5
,,,,,,,,,,,2024-03-08,2024-03-08,7.15,12,11.5
,,,,,,,,,,,#N/A,2024-03-09,7.15,12,11.5
,,,,,,,,,,,#N/A,2024-03-10,7.15,12,11.5
,,,,,,,,,,,2024-03-11,2024-03-11,7.15,12,11.5
,,,,,,,,,,,2024-03-12,2024-03-12,7.15,12,11.5
,,,,,,,,,,,2024-03-13,2024-03-13,7.15,12,11.5
,,,,,,,,,,,2024-03-14,2024-03-14,7.15,12,11.5
,,,,,,,,,,,2024-03-15,2024-03-15,7.15,12,11.5
,,,,,,,,,,,#N/A,2024-03-16,7.15,12,11.5
,,,,,,,,,,,#N/A,2024-03-17,7.15,12,11.5
,,,,,,,,,,,2024-03-18,2024-03-18,7.15,12,11.5
,,,,,,,,,,,2024-03-19,2024-03-19,7.15,12,11.5
,,,,,,,,,,,2024-03-20,2024-03-20,7.15,12,11.5
,,,,,,,,,,,2024-03-21,2024-03-21,7.15,12,11.5
,,,,,,,,,,,2024-03-22,2024-03-22,7.15,12,11.5
,,,,,,,,,,,#N/A,2024-03-23,7.15,12,11.5
,,,,,,,,,,,#N/A,2024-03-24,7.15,12,11.5
,,,,,,,,,,,2024-03-25,2024-03-25,7.15,12,11.5
,,,,,,,,,,,2024-03-26,2024-03-26,7.15,12,11.5
,,,,,,,,,,,2024-03-27,2024-03-27,7.15,12,11.5
,,,,,,,,,,,2024-03-28,2024-03-28,7.15,12,12
,,,,,,,,,,,2024-03-29,2024-03-29,7,12,12
,,,,,,,,,,,#N/A,2024-03-30,7,12,12
,,,,,,,,,,,#N/A,2024-03-31,7,12,12
,,,,,,,,,,,2024-04-01,2024-04-01,6.9,12,12
,,,,,,,,,,,2024-04-02,2024-04-02,6.9,12,12
,,,,,,,,,,,2024-04-03,2024-04-03,6.9,12,12
,,,,,,,,,,,#N/A,2024-04-04,6.9,12,12
,,,,,,,,,,清明节,#N/A,2024-04-05,6.9,12,12
,,,,,,,,,,,#N/A,2024-04-06,6.9,12,12
,,,,,,,,,,,#N/A,2024-04-07,6.9,12,12
,,,,,,,,,,,2024-04-08,2024-04-08,6.9,12,12
,,,,,,,,,,,2024-04-09,2024-04-09,6.9,12,12
,,,,,,,,,,,2024-04-10,2024-04-10,6.9,12,12
,,,,,,,,,,,2024-04-11,2024-04-11,6.9,12,12
,,,,,,,,,,,2024-04-12,2024-04-12,6.9,12,12
,,,,,,,,,,,#N/A,2024-04-13,6.9,11.75,12
,,,,,,,,,,,#N/A,2024-04-14,6.9,11.75,12
,,,,,,,,,,,2024-04-15,2024-04-15,6.9,11.75,12
,,,,,,,,,,,2024-04-16,2024-04-16,6.9,11.75,12
,,,,,,,,,,,2024-04-17,2024-04-17,6.9,11.75,12
,,,,,,,,,,,2024-04-18,2024-04-18,6.9,11.75,12
,,,,,,,,,,,2024-04-19,2024-04-19,6.9,11.75,12
,,,,,,,,,,,#N/A,2024-04-20,6.9,11.75,12
,,,,,,,,,,,#N/A,2024-04-21,6.9,11.75,12
,,,,,,,,,,,2024-04-22,2024-04-22,6.9,11.75,12
,,,,,,,,,,,2024-04-23,2024-04-23,6.9,11.75,12
,,,,,,,,,,,2024-04-24,2024-04-24,6.9,11.75,12
,,,,,,,,,,,2024-04-25,2024-04-25,6.9,11.75,12
,,,,,,,,,,,2024-04-26,2024-04-26,6.9,11.75,12
,,,,,,,,,,,#N/A,2024-04-27,6.9,11.75,12
,,,,,,,,,,,#N/A,2024-04-28,6.9,11.75,12
,,,,,,,,,,,2024-04-29,2024-04-29,6.9,11.75,12
,,,,,,,,,,,2024-04-30,2024-04-30,6.9,11.75,12
,,,,,,,,,,,#N/A,2024-05-01,6.9,11.75,12
,,,,,,,,,,,#N/A,2024-05-02,6.9,11.75,12
,,,,,,,,,,劳动节,#N/A,2024-05-03,6.9,11.75,12
,,,,,,,,,,,#N/A,2024-05-04,6.9,11.75,12
,,,,,,,,,,,#N/A,2024-05-05,6.9,11.75,12
,,,,,,,,,,,2024-05-06,2024-05-06,6.9,11.75,12
,,,,,,,,,,,2024-05-07,2024-05-07,6.9,11.75,12
,,,,,,,,,,,2024-05-08,2024-05-08,6.9,11.75,12
,,,,,,,,,,,2024-05-09,2024-05-09,6.9,11.75,12
,,,,,,,,,,,2024-05-10,2024-05-10,6.9,11.75,12
,,,,,,,,,,,#N/A,2024-05-11,6.9,11.75,12
,,,,,,,,,,,#N/A,2024-05-12,6.9,11.75,12
,,,,,,,,,,,2024-05-13,2024-05-13,6.9,11.75,12
,,,,,,,,,,,2024-05-14,2024-05-14,6.9,11.75,12
,,,,,,,,,,,2024-05-15,2024-05-15,6.9,11.75,12
,,,,,,,,,,,2024-05-16,2024-05-16,6.9,11.75,12
,,,,,,,,,,,2024-05-17,2024-05-17,6.9,11.75,12
,,,,,,,,,,,#N/A,2024-05-18,6.9,11.75,12
,,,,,,,,,,,#N/A,2024-05-19,6.9,11.75,12
,,,,,,,,,,,2024-05-20,2024-05-20,6.9,11.75,12
,,,,,,,,,,,2024-05-21,2024-05-21,6.9,11.75,12
,,,,,,,,,,,2024-05-22,2024-05-22,6.9,11.75,12
,,,,,,,,,,,2024-05-23,2024-05-23,6.9,11.75,12
,,,,,,,,,,,2024-05-24,2024-05-24,6.9,11.75,12
,,,,,,,,,,,#N/A,2024-05-25,6.9,11.75,12
,,,,,,,,,,,#N/A,2024-05-26,6.9,11.75,12
,,,,,,,,,,,2024-05-27,2024-05-27,6.9,11.75,12
,,,,,,,,,,,2024-05-28,2024-05-28,6.9,11.75,12
,,,,,,,,,,,2024-05-29,2024-05-29,6.9,11.75,12
,,,,,,,,,,,2024-05-30,2024-05-30,6.9,11.75,12
,,,,,,,,,,,2024-05-31,2024-05-31,6.9,11.75,12
,,,,,,,,,,,#N/A,2024-06-01,6.9,11.75,12
,,,,,,,,,,,#N/A,2024-06-02,6.9,11.75,12
,,,,,,,,,,,2024-06-03,2024-06-03,6.9,11.75,12
,,,,,,,,,,,2024-06-04,2024-06-04,6.9,11.75,12
,,,,,,,,,,,2024-06-05,2024-06-05,6.9,11.75,12
,,,,,,,,,,,2024-06-06,2024-06-06,6.9,11.75,12
,,,,,,,,,,,2024-06-07,2024-06-07,6.9,11.75,12
,,,,,,,,,,,#N/A,2024-06-08,6.9,11.75,12
,,,,,,,,,,端午节,#N/A,2024-06-09,6.9,11.75,12
,,,,,,,,,,,#N/A,2024-06-10,6.9,11.75,12
,,,,,,,,,,,2024-06-11,2024-06-11,6.9,11.75,12
,,,,,,,,,,,2024-06-12,2024-06-12,6.9,11.75,12
,,,,,,,,,,,2024-06-13,2024-06-13,6.9,11.75,12
,,,,,,,,,,,2024-06-14,2024-06-14,6.9,11.75,12
,,,,,,,,,,,#N/A,2024-06-15,6.9,11.75,12
,,,,,,,,,,,#N/A,2024-06-16,6.9,11.75,12
,,,,,,,,,,,2024-06-17,2024-06-17,6.9,11.75,12
,,,,,,,,,,,2024-06-18,2024-06-18,6.9,11.75,12
,,,,,,,,,,,2024-06-19,2024-06-19,6.9,11.75,12
,,,,,,,,,,,2024-06-20,2024-06-20,6.9,11.75,12
,,,,,,,,,,,2024-06-21,2024-06-21,6.9,11.75,12
,,,,,,,,,,,#N/A,2024-06-22,6.9,11.75,12
,,,,,,,,,,,#N/A,2024-06-23,6.9,11.75,12
,,,,,,,,,,,2024-06-24,2024-06-24,6.9,11.75,12
,,,,,,,,,,,2024-06-25,2024-06-25,6.9,11.75,12
,,,,,,,,,,,2024-06-25,2024-06-25,6.9,11.75,12
,,,,,,,,,,,2024-06-26,2024-06-26,6.9,11.75,12
,,,,,,,,,,,2024-06-27,2024-06-27,6.9,11.75,12
,,,,,,,,,,,2024-06-28,2024-06-28,6.9,11.75,12
,,,,,,,,,,,#N/A,2024-06-29,6.9,11.75,12
,,,,,,,,,,,#N/A,2024-06-30,6.9,11.75,12
,,,,,,,,,,,2024-07-01,2024-07-01,6.9,11.75,12
,,,,,,,,,,,2024-07-02,2024-07-02,6.9,11.75,12
,,,,,,,,,,,2024-07-03,2024-07-03,6.9,11.75,12
,,,,,,,,,,,2024-07-04,2024-07-04,6.9,11.75,12
,,,,,,,,,,,2024-07-05,2024-07-05,6.9,11.75,12
,,,,,,,,,,,#N/A,2024-07-06,6.9,11.75,12
,,,,,,,,,,,#N/A,2024-07-07,6.9,11.75,12
,,,,,,,,,,,2024-07-08,2024-07-08,6.9,11.75,12
,,,,,,,,,,,2024-07-09,2024-07-09,6.9,11.75,12
,,,,,,,,,,,2024-07-10,2024-07-10,6.9,11.75,12
,,,,,,,,,,,2024-07-11,2024-07-11,6.9,11.75,12
,,,,,,,,,,,2024-07-12,2024-07-12,6.9,11.75,12
,,,,,,,,,,,#N/A,2024-07-13,6.9,11.75,12
,,,,,,,,,,,#N/A,2024-07-14,6.9,11.75,12
,,,,,,,,,,,2024-07-15,2024-07-15,6.9,11.75,12
,,,,,,,,,,,2024-07-16,2024-07-16,6.9,11.75,12
,,,,,,,,,,,2024-07-17,2024-07-17,6.9,11.75,12
,,,,,,,,,,,2024-07-18,2024-07-18,6.9,11.75,12
,,,,,,,,,,,2024-07-19,2024-07-19,6.9,11.75,12
,,,,,,,,,,,#N/A,2024-07-20,6.9,11.75,12
,,,,,,,,,,,#N/A,2024-07-21,6.9,11.75,12
,,,,,,,,,,,2024-07-22,2024-07-22,6.9,11.75,12
,,,,,,,,,,,2024-07-23,2024-07-23,6.9,11.75,12
,,,,,,,,,,,2024-07-24,2024-07-24,6.9,11.75,12
,,,,,,,,,,,2024-07-25,2024-07-25,6.9,11.75,12
,,,,,,,,,,,2024-07-26,2024-07-26,6.9,11.75,12
,,,,,,,,,,,#N/A,2024-07-27,6.9,11.75,12
,,,,,,,,,,,#N/A,2024-07-28,6.9,11.75,12
,,,,,,,,,,,2024-07-29,2024-07-29,6.9,11.75,12
,,,,,,,,,,,2024-07-30,2024-07-30,6.9,11.75,12
,,,,,,,,,,,2024-07-31,2024-07-31,6.9,11.75,12
,,,,,,,,,,,2024-08-01,2024-08-01,7,11.75,12
,,,,,,,,,,,2024-08-02,2024-08-02,7,11.75,12
,,,,,,,,,,,#N/A,2024-08-03,7,11.75,12
,,,,,,,,,,,#N/A,2024-08-04,7,11.75,12
,,,,,,,,,,,2024-08-05,2024-08-05,7,11.75,12
,,,,,,,,,,,2024-08-06,2024-08-06,7,11.75,12
,,,,,,,,,,,2024-08-07,2024-08-07,7,11.75,12
,,,,,,,,,,,2024-08-08,2024-08-08,6.9,11.75,12
,,,,,,,,,,,2024-08-09,2024-08-09,6.9,11.75,12
,,,,,,,,,,,#N/A,2024-08-10,6.9,11.75,12
,,,,,,,,,,,#N/A,2024-08-11,6.9,11.75,12
,,,,,,,,,,,2024-08-12,2024-08-12,6.9,11.75,12
,,,,,,,,,,,2024-08-13,2024-08-13,6.9,11.75,12
,,,,,,,,,,,2024-08-14,2024-08-14,6.75,11.75,12
,,,,,,,,,,,2024-08-15,2024-08-15,6.75,11.75,12
,,,,,,,,,,,2024-08-16,2024-08-16,6.75,11.75,12
,,,,,,,,,,,#N/A,2024-08-17,6.75,11.75,12
,,,,,,,,,,,#N/A,2024-08-18,6.75,11.5,12
,,,,,,,,,,,2024-08-19,2024-08-19,6.75,11.5,12
,,,,,,,,,,,2024-08-20,2024-08-20,6.75,11.5,12
,,,,,,,,,,,2024-08-21,2024-08-21,6.75,11.5,12
,,,,,,,,,,,2024-08-22,2024-08-22,6.75,11.5,12
,,,,,,,,,,,2024-08-23,2024-08-23,6.75,11.5,12
,,,,,,,,,,,#N/A,2024-08-24,6.75,11.5,12
,,,,,,,,,,,#N/A,2024-08-25,6.75,11.5,12
,,,,,,,,,,,2024-08-26,2024-08-26,6.75,11.5,12
,,,,,,,,,,,2024-08-27,2024-08-27,6.75,11.5,12
,,,,,,,,,,,2024-08-28,2024-08-28,6.75,11.5,12
,,,,,,,,,,,2024-08-29,2024-08-29,6.9,11.5,12
,,,,,,,,,,,2024-08-30,2024-08-30,6.9,11.5,12
,,,,,,,,,,,#N/A,2024-08-31,6.9,11.5,12
,,,,,,,,,,,#N/A,2024-09-01,6.9,11.5,12
,,,,,,,,,,,2024-09-02,2024-09-02,6.9,11.5,12
,,,,,,,,,,,2024-09-03,2024-09-03,6.9,11.5,12
,,,,,,,,,,,2024-09-04,2024-09-04,6.9,11.5,12
,,,,,,,,,,,2024-09-05,2024-09-05,6.9,11.5,12
,,,,,,,,,,,2024-09-06,2024-09-06,6.9,11.5,12
,,,,,,,,,,,#N/A,2024-09-07,6.9,11.5,12
,,,,,,,,,,,#N/A,2024-09-08,6.9,11.5,12
,,,,,,,,,,,2024-09-09,2024-09-09,6.9,11.5,12
,,,,,,,,,,,2024-09-10,2024-09-10,6.9,11.5,12
,,,,,,,,,,,2024-09-11,2024-09-11,6.9,11.5,12
,,,,,,,,,,,2024-09-12,2024-09-12,6.9,11.5,12
,,,,,,,,,,,2024-09-13,2024-09-13,6.9,11.5,12
,,,,,,,,,,中秋节,#N/A,2024-09-14,6.9,11.5,12
,,,,,,,,,,,#N/A,2024-09-15,6.9,11.5,12
,,,,,,,,,,,#N/A,2024-09-16,6.9,11.5,12
,,,,,,,,,,,#N/A,2024-09-17,6.9,11.5,12
,,,,,,,,,,,2024-09-18,2024-09-18,6.9,11.5,12
,,,,,,,,,,,2024-09-19,2024-09-19,6.9,11.5,12
,,,,,,,,,,,2024-09-20,2024-09-20,6.9,11.5,12
,,,,,,,,,,,#N/A,2024-09-21,6.9,11.5,12
,,,,,,,,,,,#N/A,2024-09-22,6.9,11.5,12
,,,,,,,,,,,2024-09-23,2024-09-23,6.9,11.5,12
,,,,,,,,,,,2024-09-24,2024-09-24,6.9,11.5,12
,,,,,,,,,,,2024-09-25,2024-09-25,6.9,11.5,12
,,,,,,,,,,,2024-09-26,2024-09-26,6.9,11.5,12
,,,,,,,,,,,2024-09-27,2024-09-27,6.9,11.5,12
,,,,,,,,,,,#N/A,2024-09-28,6.9,11.5,12
,,,,,,,,,,,#N/A,2024-09-29,6.9,11.5,12
,,,,,,,,,,,2024-09-30,2024-09-30,6.9,11.5,12
,,,,,,,,,,,#N/A,2024-10-01,6.9,11.5,12
,,,,,,,,,,,#N/A,2024-10-02,6.9,11.5,12
,,,,,,,,,,,#N/A,2024-10-03,6.9,11.5,12
,,,,,,,,,,,#N/A,2024-10-04,6.9,11.5,12
,,,,,,,,,,国庆节,#N/A,2024-10-05,6.9,11.5,12
,,,,,,,,,,,#N/A,2024-10-06,6.9,11.5,12
,,,,,,,,,,,#N/A,2024-10-07,6.9,11.5,12
,,,,,,,,,,,2024-10-08,2024-10-08,6.9,11.5,12
,,,,,,,,,,,2024-10-09,2024-10-09,6.9,11.5,12
,,,,,,,,,,,2024-10-10,2024-10-10,6.9,11.5,12
,,,,,,,,,,,2024-10-11,2024-10-11,6.9,11.5,12
,,,,,,,,,,,#N/A,2024-10-12,6.9,11.5,12
,,,,,,,,,,,#N/A,2024-10-13,6.9,11.5,12
,,,,,,,,,,,2024-10-14,2024-10-14,6.9,11.5,12
,,,,,,,,,,,2024-10-15,2024-10-15,6.9,11.5,12
,,,,,,,,,,,2024-10-16,2024-10-16,6.75,11.5,12
,,,,,,,,,,,2024-10-17,2024-10-17,6.75,11.5,12
,,,,,,,,,,,2024-10-18,2024-10-18,6.75,11.5,12
,,,,,,,,,,,#N/A,2024-10-19,6.75,11.5,12
,,,,,,,,,,,#N/A,2024-10-20,6.75,11.5,12
,,,,,,,,,,,2024-10-21,2024-10-21,6.75,11.5,12
,,,,,,,,,,,2024-10-22,2024-10-22,6.75,11.5,12
,,,,,,,,,,,2024-10-23,2024-10-23,6.75,11.5,12
,,,,,,,,,,,2024-10-24,2024-10-24,6.65,11.5,12
,,,,,,,,,,,2024-10-25,2024-10-25,6.65,11.5,12
,,,,,,,,,,,#N/A,2024-10-26,6.65,11.5,12
,,,,,,,,,,,#N/A,2024-10-27,6.65,11.5,12
,,,,,,,,,,,2024-10-28,2024-10-28,6.65,11.5,12
,,,,,,,,,,,2024-10-29,2024-10-29,6.65,11.5,12
,,,,,,,,,,,2024-10-30,2024-10-30,6.65,11.5,12
,,,,,,,,,,,2024-10-31,2024-10-31,6.65,11.5,12
,,,,,,,,,,,2024-11-01,2024-11-01,6.65,11.5,12
,,,,,,,,,,,#N/A,2024-11-02,6.65,11.5,12
,,,,,,,,,,,#N/A,2024-11-03,6.65,11.5,12
,,,,,,,,,,,2024-11-04,2024-11-04,6.65,11.5,12
,,,,,,,,,,,2024-11-05,2024-11-05,6.65,11.5,12
,,,,,,,,,,,2024-11-06,2024-11-06,6.65,11.5,12
,,,,,,,,,,,2024-11-07,2024-11-07,6.65,11.5,12
,,,,,,,,,,,2024-11-08,2024-11-08,6.65,11.5,12
,,,,,,,,,,,#N/A,2024-11-09,6.65,11.5,12
,,,,,,,,,,,#N/A,2024-11-10,6.65,11.5,12
,,,,,,,,,,,2024-11-11,2024-11-11,6.65,11.5,12
,,,,,,,,,,,2024-11-12,2024-11-12,6.65,11.5,12
,,,,,,,,,,,2024-11-13,2024-11-13,6.65,11.5,12
,,,,,,,,,,,2024-11-14,2024-11-14,6.65,11.5,12
,,,,,,,,,,,2024-11-15,2024-11-15,6.65,11.5,12
,,,,,,,,,,,#N/A,2024-11-16,6.65,11.5,12
,,,,,,,,,,,#N/A,2024-11-17,6.65,11.5,12
,,,,,,,,,,,2024-11-18,2024-11-18,6.65,11.5,12
,,,,,,,,,,,2024-11-19,2024-11-19,6.65,11.5,12
,,,,,,,,,,,2024-11-20,2024-11-20,6.65,11.5,12
,,,,,,,,,,,2024-11-21,2024-11-21,6.65,11.5,12
,,,,,,,,,,,2024-11-22,2024-11-22,6.65,11.5,12
,,,,,,,,,,,#N/A,2024-11-23,6.65,11.5,12
,,,,,,,,,,,#N/A,2024-11-24,6.65,11.5,12
,,,,,,,,,,,2024-11-25,2024-11-25,6.65,11.5,12
,,,,,,,,,,,2024-11-26,2024-11-26,6.65,11.5,12
,,,,,,,,,,,2024-11-27,2024-11-27,6.65,11.5,12
,,,,,,,,,,,2024-11-28,2024-11-28,6.65,,
,,,,,,,,,,,2024-11-29,2024-11-29,6.75,,
,,,,,,,,,,,#N/A,2024-11-30,6.75,,
,,,,,,,,,,,#N/A,2024-12-01,6.75,,
