Festival,Release Date,broiler_chicken/500g,Black-bone_chicken,cock
,2022-01-01,7,11,12
,2022-01-02,7,11,12
元旦节,2022-01-03,7,11,12
,2022-01-04,7,11,12
,2022-01-05,7,11,12
,2022-01-06,7,11,12
,2022-01-07,7,11,12
,2022-01-08,7,11,12
,2022-01-09,7,11,12
,2022-01-10,7,11,12
,2022-01-11,7,11,12
,2022-01-12,7,11,12
,2022-01-13,7,11,12
,2022-01-14,7,11,12
,2022-01-15,7,11,12
,2022-01-16,7,12,14.5
,2022-01-17,7,12,14.5
,2022-01-18,7,12,14.5
,2022-01-19,7,12,14.5
,2022-01-20,7,12,14.5
,2022-01-21,7,12,14.5
,2022-01-22,7,12,14.5
,2022-01-23,7,12,14.5
,2022-01-24,7,12,14.5
,2022-01-25,7,12,14.5
,2022-01-26,7,12,14.5
,2022-01-27,7,12,14.5
,2022-01-28,7.5,12,15
,2022-01-29,7.5,12,15
春节,2022-01-30,7.5,12,15
,2022-02-07,7.5,12,15
,2022-02-08,7.5,12,15
,2022-02-09,7.5,12,15
,2022-02-10,7.5,12,15
,2022-02-11,7,12,15
,2022-02-12,7,12,15
,2022-02-13,7,12,15
,2022-02-14,7,12,15
,2022-02-15,7,12,15
,2022-02-16,6.5,12,15
,2022-02-17,6.5,12,15
,2022-02-18,6.5,12,15
,2022-02-19,6.5,12,15
,2022-02-20,6.5,12,15
,2022-02-21,6.5,12,15
,2022-02-22,6.5,12,15
,2022-02-23,6.5,12,15
,2022-02-24,6.5,12,15
,2022-02-25,6.5,12,15
,2022-02-26,6.75,12,15
,2022-02-27,6.75,12,15
,2022-02-28,7,12,15
,2022-03-01,7,12,15
,2022-03-02,7,12,15
,2022-03-03,7,12,15
,2022-03-04,7,12,15
,2022-03-05,6.75,12,15
,2022-03-06,6.75,12,15
,2022-03-07,6.75,12,15
,2022-03-08,6.75,12,15
,2022-03-09,6.75,12,15
,2022-03-10,6.75,12,15
,2022-03-11,6.75,12,15
,2022-03-12,6.75,12,15
,2022-03-13,6.75,12,15
,2022-03-14,6.75,12,15
,2022-03-15,6.75,12,15
,2022-03-16,6.75,12,15
,2022-03-17,6.75,12,15
,2022-03-18,6.75,12,15
,2022-03-19,6.75,12,15
,2022-03-20,6.75,12,15
,2022-03-21,6.75,12,15
,2022-03-22,6.75,12,15
,2022-03-23,6.75,12,15
,2022-03-24,6.75,12,15
,2022-03-25,6.75,12,15
,2022-03-26,6.75,12,15
,2022-03-27,6.75,12,15
,2022-03-28,6.75,12,15
,2022-03-29,6.75,12,15
,2022-03-30,7,12,15
,2022-03-31,7,12,15
,2022-04-01,7,12,15
,2022-04-02,7,12,15
,2022-04-03,7,12,15
,2022-04-04,6.9,12,15
清明节,2022-04-05,6.9,12,15
,2022-04-06,7,12,15
,2022-04-07,7.25,12,15
,2022-04-08,7.4,12,15
,2022-04-09,7.4,12,15
,2022-04-10,7.4,12,15
,2022-04-11,7.4,12,15
,2022-04-12,7.4,12,15
,2022-04-13,7.4,12,15
,2022-04-14,7.4,12,15
,2022-04-15,7.4,12,15
,2022-04-16,7.4,12,15
,2022-04-17,7,12,15
,2022-04-18,7,12,15
,2022-04-19,7,12,15
,2022-04-20,7,12,15
,2022-04-21,7,12,15
,2022-04-22,7,12,15
,2022-04-23,7,12,15
,2022-04-24,7,12,15
,2022-04-25,7,12,15
,2022-04-26,7,12,15
,2022-04-27,7.25,12,15
,2022-04-28,7.25,12,15
,2022-04-29,7.5,12,15
,2022-04-30,7.5,12,15
,2022-05-01,7.5,12,15
,2022-05-02,7.5,12,15
,2022-05-03,7.2,12,15
劳动节,2022-05-04,7.2,12,15
,2022-05-05,7.2,12,15
,2022-05-06,7.2,12,15
,2022-05-07,7.2,12,15
,2022-05-08,7.2,12,15
,2022-05-09,7.2,12,15
,2022-05-10,7.2,12,15
,2022-05-11,7.2,12,15
,2022-05-12,7.2,12,15
,2022-05-13,7.2,12,15
,2022-05-14,7.2,12,15
,2022-05-15,7.2,12,15
,2022-05-16,7.35,12,15
,2022-05-17,7.35,12,15
,2022-05-18,7.35,12,15
,2022-05-19,7.35,12,15
,2022-05-20,7.35,12,14
,2022-05-21,7.35,12,14
,2022-05-22,7.35,12,14
,2022-05-23,7.35,12,14
,2022-05-24,7.35,12,14
,2022-05-25,7.35,12,14
,2022-05-26,7.35,12,14
,2022-05-27,7.35,12,14
,2022-05-28,7.35,12,14
,2022-05-29,7.35,12,14
,2022-05-30,7.5,12,14
,2022-05-31,7.5,12,14
,2022-06-01,7.5,12,14
,2022-06-02,7.5,12,14
端午节,2022-06-03,7.5,12,14
,2022-06-04,7.5,12,14
,2022-06-05,7.5,12,14
,2022-06-06,7.5,12,14
,2022-06-07,7.5,12,14
,2022-06-08,7.5,12,14
,2022-06-09,7.5,12,14
,2022-06-10,7.5,12,14
,2022-06-11,7.5,12,14
,2022-06-12,7.5,12,14
,2022-06-13,7.5,12,14
,2022-06-14,7.35,12,14
,2022-06-15,7.35,12,14
,2022-06-16,7.35,12,14
,2022-06-17,7.35,12,14
,2022-06-18,7.35,12,14
,2022-06-19,7.35,12,14
,2022-06-20,7.35,12,14
,2022-06-21,7.35,12,14
,2022-06-22,7.35,12,14
,2022-06-23,7.35,12,14
,2022-06-24,7.35,12,14
,2022-06-25,7.35,12,14
,2022-06-26,7.35,12,14
,2022-06-27,7.35,12,14
,2022-06-28,7.35,12,14
,2022-06-29,7.5,12,14
,2022-06-30,7.5,12,14
,2022-07-01,7.5,12,14
,2022-07-02,7.5,12,14
,2022-07-03,7.5,12,14
,2022-07-04,7.5,12,14
,2022-07-05,7.5,12,14
,2022-07-06,7.5,12,14
,2022-07-07,7.5,12,14
,2022-07-08,7.5,12,14
,2022-07-09,7.5,12,14
,2022-07-10,7.5,12,14
,2022-07-11,7.5,12,14
,2022-07-12,7.5,12,14
,2022-07-13,7.5,12,14
,2022-07-14,7.5,12,14
,2022-07-15,7.5,12,14
,2022-07-16,7.5,12,14
,2022-07-17,7.5,12,14
,2022-07-18,7.5,12,14
,2022-07-19,7.5,12,14
,2022-07-20,7.5,12,14
,2022-07-21,7.5,12,14
,2022-07-22,7.5,12,14
,2022-07-23,7.5,12,14
,2022-07-24,7.5,12,14
,2022-07-25,7.5,12,14.25
,2022-07-26,7.5,12,14.25
,2022-07-27,7.5,12,14.25
,2022-07-28,7.5,12,14.25
,2022-07-29,7.5,12,14.25
,2022-07-30,7.5,12,14.25
,2022-07-31,7.5,12,14.25
,2022-08-01,7.5,12,14.25
,2022-08-02,7.5,12,14.25
,2022-08-03,7.5,12,14.25
,2022-08-04,7.5,12,14.25
,2022-08-05,7.5,12,14.25
,2022-08-06,7.5,12,14.25
,2022-08-07,7.5,12,14.25
,2022-08-08,7.5,12,14.25
,2022-08-09,7.5,12,14.25
,2022-08-10,7.5,12,14.25
,2022-08-11,7.5,12,14.25
,2022-08-12,7.5,12,14.25
,2022-08-13,7.5,12,14.25
,2022-08-14,7.5,12,14.25
,2022-08-15,7.5,12,14.25
,2022-08-16,7.5,12,14.25
,2022-08-17,7.5,12,14.25
,2022-08-18,7.5,12,14.25
,2022-08-19,7.5,12,14.25
,2022-08-20,7.5,12,14.25
,2022-08-21,7.5,12,14.25
,2022-08-22,7.5,12,14.25
,2022-08-23,7.5,12,14.25
,2022-08-24,7.65,12,14.25
,2022-08-25,7.65,12,14.25
,2022-08-26,7.65,12,14.25
,2022-08-27,7.65,12,14.25
,2022-08-28,7.65,12,14.25
,2022-08-29,7.65,12,14.25
,2022-08-30,7.65,12,14.5
,2022-08-31,7.65,12,14.5
,2022-09-01,7.65,12,14.5
,2022-09-02,7.65,12,14.5
,2022-09-03,7.4,12,14.5
,2022-09-04,7.4,12,14.5
,2022-09-05,7.4,12,14.5
,2022-09-06,7.4,12,14.5
,2022-09-07,7.4,12,14.5
,2022-09-08,7.4,12,14.5
,2022-09-09,7.4,12,14.5
,2022-09-10,7.4,12,14.5
中秋节,2022-09-11,7.4,12,14.5
,2022-09-12,7.4,12,14.5
,2022-09-13,7.4,12,14.5
,2022-09-14,7.4,12,14.5
,2022-09-15,7.4,12,14.5
,2022-09-16,7.4,12,14.5
,2022-09-17,7.4,12,14.5
,2022-09-18,7.4,12,14.5
,2022-09-19,7.4,12,14.5
,2022-09-20,7.4,12,14.5
,2022-09-21,7.4,12,14.5
,2022-09-22,7.4,12,14.5
,2022-09-23,7.4,12,14.5
,2022-09-24,7.4,12,14.5
,2022-09-25,7.4,12,14.5
,2022-09-26,7.5,12,14.5
,2022-09-27,7.5,12,14.5
,2022-09-28,7.5,12,14.5
,2022-09-29,7.5,12,14.5
,2022-09-30,7.65,12,14.5
,2022-10-01,7.65,12,14.5
,2022-10-02,7.65,12,14.5
,2022-10-03,7.5,12,14.5
,2022-10-04,7.5,12,14.5
国庆节,2022-10-05,7.5,12,14.5
,2022-10-06,7.5,12,14.5
,2022-10-07,7.5,12,14.5
,2022-10-08,7.5,12,14.5
,2022-10-09,7.5,12,14.5
,2022-10-10,7.5,12,14.5
,2022-10-11,7.5,12,14.5
,2022-10-12,7.5,12,14.5
,2022-10-13,7.5,12,14.5
,2022-10-14,7.5,12,14.5
,2022-10-15,7.5,12,14.5
,2022-10-16,7.3,12,14.5
,2022-10-17,7.3,12,14.5
,2022-10-18,7.3,12,14.5
,2022-10-19,7.3,12,14.5
,2022-10-20,7.3,12,14.5
,2022-10-21,7.3,12,14.5
,2022-10-22,7.3,12,14.5
,2022-10-23,7.3,12,14.5
,2022-10-24,7.3,12,14.5
,2022-10-25,7.3,12,14.5
,2022-10-26,7.3,12,14.5
,2022-10-27,7.3,12,14.5
,2022-10-28,7.3,12,14.5
,2022-10-29,7.3,12,14.5
,2022-10-30,7.3,12,14.5
,2022-10-31,7.3,12,14.5
,2022-11-01,7.3,12,14.5
,2022-11-02,7.3,12,14.5
,2022-11-03,7.3,12,14.5
,2022-11-04,7.3,12,14.5
,2022-11-05,7.3,12,14.5
,2022-11-06,7.3,12,14.5
,2022-11-07,7.3,12,14.5
,2022-11-08,7.3,12,14.5
,2022-11-09,7.3,12,14.5
,2022-11-10,7.3,12,14.5
,2022-11-11,7.3,12,14.5
,2022-11-12,7.3,12,14.5
,2022-11-13,7.3,12,14.5
,2022-11-14,7.3,12,14.5
,2022-11-15,7.3,12,14.5
,2022-11-16,7.3,12,14.5
,2022-11-17,7.3,12,14.5
,2022-11-18,7.3,12,14.5
,2022-11-19,7.3,12,14.5
,2022-11-20,7.3,12,14.5
,2022-11-21,7.3,12,14.5
,2022-11-22,7.3,12,14.5
,2022-11-23,7.3,12,14.5
,2022-11-24,7.3,12,14.5
,2022-11-25,7.3,12,14.5
,2022-11-26,7.3,12,14.5
,2022-11-27,7.3,12,14.5
,2022-11-28,7.3,12,14.5
,2022-11-29,7.3,12,14.5
,2022-11-30,7.3,12,14.5
,2022-12-01,7.3,12,14.5
,2022-12-02,7.3,12,14.5
,2022-12-03,7.3,12,14.5
,2022-12-04,7.3,12,14.5
,2022-12-05,7.3,12,14.5
,2022-12-06,7.3,12,14.5
,2022-12-07,7.3,12,14.5
,2022-12-08,7.3,12,14.5
,2022-12-09,7.3,12,14.5
,2022-12-10,7.3,12,14.5
,2022-12-11,7.3,12,14.5
,2022-12-12,7.3,12,14.5
,2022-12-13,7.3,12,14.5
,2022-12-14,7.3,12,14.5
,2022-12-15,7.3,12,14.5
,2022-12-16,7.3,12,14.5
,2022-12-17,7.3,12,14.5
,2022-12-18,7.3,12,14.5
,2022-12-19,7.3,12,14.5
,2022-12-20,7.3,12,14.5
,2022-12-21,7.3,12,14.5
,2022-12-22,7.3,12,14.5
,2022-12-23,7.3,12,14.5
,2022-12-24,7.3,12,14.5
,2022-12-25,7.15,12,14.5
,2022-12-26,7.15,12,14.5
,2022-12-27,7.15,12,14.5
,2022-12-28,7.15,12,14.5
,2022-12-29,7.15,12,14.5
,2022-12-30,7,12,14.5
元旦节,2022-12-31,7,12,14.5
,2023-01-01,7,12,14.5
,2023-01-02,7,12,14.5
,2023-01-03,7,12,14.5
,2023-01-04,7,12,14.5
,2023-01-05,7,12,14.5
,2023-01-06,7,12,14.5
,2023-01-07,7,12,14.5
,2023-01-08,7,12,14.5
,2023-01-09,7,12,14.5
,2023-01-10,7,12,14.5
,2023-01-11,7,12,14.5
,2023-01-12,7,12,14.5
,2023-01-13,7,12,14.5
,2023-01-14,7,12,14.5
,2023-01-15,7,12,14.5
,2023-01-16,7,12,14.5
,2023-01-17,7,12,14.5
,2023-01-18,7,12,14.5
,2023-01-19,7,12,14.5
,2023-01-20,7,12,14.5
春节,2023-01-28,7,12,14.5
,2023-01-29,7,12,14.5
,2023-01-30,7,12,14.5
,2023-01-31,7,12,14.5
,2023-02-01,7,12,14.5
,2023-02-02,7,12,14.5
,2023-02-03,7,12,14.5
,2023-02-04,7,12,14.5
,2023-02-05,7,12,14.5
,2023-02-06,7,12,14.5
,2023-02-07,7,12,14.5
,2023-02-08,7,12,14.5
,2023-02-09,7,12,14.5
,2023-02-10,7,12,14.5
,2023-02-11,7,12,14.5
,2023-02-12,7,12,14.5
,2023-02-13,7,12,14.5
,2023-02-14,7,12,14.5
,2023-02-15,7,12,14.5
,2023-02-16,7,12,14.5
,2023-02-17,7,12,14
,2023-02-18,7,12,14
,2023-02-19,7,12,14
,2023-02-20,7,12,14
,2023-02-21,7,12,14
,2023-02-22,7,12,14
,2023-02-23,7,12,14
,2023-02-24,7,12,14
,2023-02-25,7,12,14
,2023-02-26,7,12,14
,2023-02-27,7,12,14
,2023-02-28,7,12,14
,2023-03-01,7.15,12,14
,2023-03-02,7.15,12,14
,2023-03-03,7.3,12,14
,2023-03-04,7.3,12,14
,2023-03-05,7.3,12,14
,2023-03-06,7.3,12,14
,2023-03-07,7.3,12,14
,2023-03-08,7.3,12,14
,2023-03-09,7.3,12,14
,2023-03-10,7.3,12,14
,2023-03-11,7.3,13,14
,2023-03-12,7.3,13,14
,2023-03-13,7.3,13,14
,2023-03-14,7.4,13,14
,2023-03-15,7.4,13,14
,2023-03-16,7.4,13,14
,2023-03-17,7.4,13,14
,2023-03-18,7.4,13,14
,2023-03-19,7.4,14,14
,2023-03-20,7.4,14,14
,2023-03-21,7.4,14,14
,2023-03-22,7.4,14,14
,2023-03-23,7.4,14,14
,2023-03-24,7.4,14,14
,2023-03-25,7.4,14,14
,2023-03-26,7.4,14,14
,2023-03-27,7.4,14,14
,2023-03-28,7.4,14,14
,2023-03-29,7.4,14,14
,2023-03-30,7.4,14,14
,2023-03-31,7.4,14,14
,2023-04-01,7.4,14,14
,2023-04-02,7.4,14,14
,2023-04-03,7.4,14,14
,2023-04-04,7.4,14,14
清明节,2023-04-05,7.4,14,14
,2023-04-06,7.4,14,14
,2023-04-07,7.4,14,11.5
,2023-04-08,7.4,14,11
,2023-04-09,7.4,14,11
,2023-04-10,7.4,14,11
,2023-04-11,7.4,14,11
,2023-04-12,7.65,14,11
,2023-04-13,7.65,14,11
,2023-04-14,7.65,14,11
,2023-04-15,7.65,14,11
,2023-04-16,7.65,14,11
,2023-04-17,7.65,14,11
,2023-04-18,7.65,14,11
,2023-04-19,7.65,14,11
,2023-04-20,7.65,14,11
,2023-04-21,7.65,14,11.5
,2023-04-22,7.65,14,11.5
,2023-04-23,7.65,14,11.5
,2023-04-24,7.65,14,11.5
,2023-04-25,7.65,14,11.5
,2023-04-26,7.65,14,11.5
,2023-04-27,7.65,14,11.5
,2023-04-28,7.65,14,11.5
,2023-04-29,7.65,14,11.5
,2023-04-30,7.65,14,11.5
,2023-05-01,7.65,14,11.5
,2023-05-02,7.65,14,11.5
劳动节,2023-05-03,7.65,14,11.5
,2023-05-04,7.65,14,11.5
,2023-05-05,7.65,14,11.5
,2023-05-06,7.65,14,11.5
,2023-05-07,7.65,14,11.5
,2023-05-08,7.65,14,11.5
,2023-05-09,7.65,14,11.5
,2023-05-10,7.65,14,11.5
,2023-05-11,7.65,14,11.5
,2023-05-12,7.65,14,11.5
,2023-05-13,7.65,14,11.5
,2023-05-14,7.65,14,11.5
,2023-05-15,7.65,14,11.5
,2023-05-16,7.5,14,11.5
,2023-05-17,7.5,14,11.5
,2023-05-18,7.5,14,11.5
,2023-05-19,7.5,14,11.5
,2023-05-20,7.5,14,11.5
,2023-05-21,7.5,14,11.5
,2023-05-21,7.5,14,11.5
,2023-05-22,7.5,14,11.5
,2023-05-23,7.5,14,11.5
,2023-05-24,7.5,14,11.5
,2023-05-25,7.5,14,11.5
,2023-05-26,7.5,14,11.5
,2023-05-27,7.5,14,11.5
,2023-05-28,7.5,14,11.5
,2023-05-29,7.5,14,11.5
,2023-05-30,7.5,14,11.5
,2023-05-31,7.5,14,11.5
,2023-06-01,7.5,14,11.5
,2023-06-02,7.5,14,11.5
,2023-06-03,7.5,14,11.5
,2023-06-04,7.5,14,11.5
,2023-06-05,7.5,14,11.5
,2023-06-06,7.5,14,11.5
,2023-06-07,7.5,14,11.5
,2023-06-08,7.5,14,11.5
,2023-06-09,7.5,14,11.5
,2023-06-10,7.5,13,11.5
,2023-06-11,7.5,12.75,11.5
,2023-06-12,7.5,12.75,11.5
,2023-06-13,7.5,12.75,11.5
,2023-06-14,7.25,12.75,11.5
,2023-06-15,7,12.75,11.5
,2023-06-16,7,12.75,11.5
,2023-06-17,7,12.75,11.5
,2023-06-18,7,12.75,11.5
,2023-06-19,7,12.75,11.5
,2023-06-20,7,12.75,11.5
,2023-06-21,7,12.75,11.5
,2023-06-22,7,12.75,11.5
,2023-06-23,7,12.75,11.5
端午节,2023-06-24,7,12.75,11.5
,2023-06-25,7,12.75,11.5
,2023-06-26,7,12.75,11.5
,2023-06-27,7,12.75,11.5
,2023-06-28,7,12.75,11.5
,2023-06-29,7,12.75,11.5
,2023-06-30,7,12.75,11.5
,2023-07-01,7,12.75,11.5
,2023-07-02,7,12.75,11.5
,2023-07-03,7,12.75,11.5
,2023-07-04,7,12.75,11.5
,2023-07-05,7,12.75,11.5
,2023-07-06,7,12.25,11.5
,2023-07-07,7,12.25,11.5
,2023-07-08,7,12.25,11.5
,2023-07-09,7,12.25,11.5
,2023-07-10,7,12.25,11.5
,2023-07-11,7,12.25,11.5
,2023-07-12,7,12.25,11.5
,2023-07-13,7,12.25,11.5
,2023-07-14,7,12.25,11.5
,2023-07-15,7,12.25,11.5
,2023-07-16,7,12.25,11.5
,2023-07-17,7,12.25,11.5
,2023-07-18,7,12.25,11.5
,2023-07-19,7,12.25,11.5
,2023-07-20,7,12.25,11.5
,2023-07-21,7,12.25,11.5
,2023-07-22,7,12.25,11.5
,2023-07-23,7,12.25,11.5
,2023-07-24,7,12.25,11.5
,2023-07-25,7,12.25,11.5
,2023-07-26,7,12.25,11.5
,2023-07-27,7,12.25,11.5
,2023-07-28,7,12.25,11.5
,2023-07-29,7,12.25,11.5
,2023-07-30,7,12.25,11.5
,2023-07-31,7,12.25,11.5
,2023-08-01,7,12.25,11.5
,2023-08-02,7,12.25,11.5
,2023-08-03,7,12.25,11.5
,2023-08-04,7,12.25,11.5
,2023-08-05,7,12.25,11.5
,2023-08-06,7,12.25,11.5
,2023-08-07,7,12.25,11.5
,2023-08-08,7,12.25,11.5
,2023-08-09,7.5,12.25,11.5
,2023-08-10,7.5,12.25,11.5
,2023-08-11,7.5,12.25,11.5
,2023-08-12,7.5,12.25,11.5
,2023-08-13,7.5,12.25,11.5
,2023-08-14,7.5,12.25,11.5
,2023-08-15,7.5,12.25,11.5
,2023-08-16,7.5,12.25,11.5
,2023-08-17,7.5,12.25,11.5
,2023-08-18,7.4,12.25,11.5
,2023-08-19,7.4,12.25,11.5
,2023-08-20,7.4,12.25,11.5
,2023-08-21,7.4,12.25,11.5
,2023-08-22,7.4,12.25,11.5
,2023-08-23,7.4,12.25,11.5
,2023-08-24,7.4,12.25,11.5
,2023-08-25,7.4,12.25,11.5
,2023-08-26,7.4,12.25,11.5
,2023-08-27,7.4,12.25,11.5
,2023-08-28,7.4,12.25,11.5
,2023-08-29,7.4,12.25,11.5
,2023-08-30,7.4,12.25,11.5
,2023-08-31,7.4,12.25,11.5
,2023-09-01,7.4,12.25,11.5
,2023-09-02,7.4,12.25,11.5
,2023-09-03,7.4,12.25,11.5
,2023-09-04,7.4,12.25,11.5
,2023-09-05,7.4,12.25,11.5
,2023-09-06,7.4,12.25,11.5
,2023-09-07,7.4,12.25,11.5
,2023-09-08,7.4,12,11.5
,2023-09-09,7.4,12,11.5
,2023-09-10,7.4,12,11.5
,2023-09-11,7.4,12,11.5
,2023-09-12,7.4,12,11.5
,2023-09-13,7.4,12,11.5
,2023-09-14,7.4,12,11.5
,2023-09-15,7.4,12,11.5
,2023-09-16,7.4,12,11.5
,2023-09-17,7.4,12,11.5
,2023-09-18,7.4,12,11.5
,2023-09-19,7.4,12,11.5
,2023-09-20,7.4,12,11.5
,2023-09-21,7.4,12,11.5
,2023-09-22,7.4,12,11.5
,2023-09-23,7.4,12,11.5
,2023-09-24,7.4,12,11.5
,2023-09-25,7.4,12,11.5
,2023-09-26,7.4,12,11.5
,2023-09-27,7.4,12,11.5
,2023-09-28,7.4,12,11.5
,2023-09-29,7.4,12,11.5
,2023-09-30,7.4,12,11.5
,2023-10-01,7.4,12,11.5
,2023-10-02,7.4,12,11.5
,2023-10-03,7.4,12,11.5
,2023-10-04,7.4,12,11.5
,2023-10-05,7.5,12,11.5
,2023-10-06,7.5,12,11.5
国庆节和中秋节,2023-10-07,7.25,12,11.5
,2023-10-08,7.25,12,11.5
,2023-10-09,7.25,12,11.5
,2023-10-10,7.25,12,11.5
,2023-10-11,7.25,12,11.5
,2023-10-12,7.25,12,11.5
,2023-10-13,7.25,12,11.5
,2023-10-14,7.25,12,11.5
,2023-10-15,7.25,12,11.5
,2023-10-16,7.25,12,11.5
,2023-10-17,7.25,12,11.5
,2023-10-18,7.25,12,11.5
,2023-10-19,7.25,12,12.5
,2023-10-20,7.25,12,12.5
,2023-10-21,7.25,12,12.5
,2023-10-22,7.25,12,12.5
,2023-10-23,7.25,12,12.5
,2023-10-24,7.25,12,12.5
,2023-10-25,7.25,12,12.5
,2023-10-26,7.25,12,12.5
,2023-10-27,7.25,12,12.5
,2023-10-28,7.25,12,12.5
,2023-10-29,7.25,12,12.5
,2023-10-30,7.25,12,12.5
,2023-10-31,7.25,12,12.5
,2023-11-01,7.25,12,12.5
,2023-11-02,7.25,12,12.5
,2023-11-03,7.25,12,12.5
,2023-11-04,7.25,12,12.5
,2023-11-05,7.25,12,12.5
,2023-11-06,7.25,12,12.5
,2023-11-07,7.25,12,12.5
,2023-11-08,7.25,12,12.5
,2023-11-09,7.25,12,12.5
,2023-11-10,7.25,12,12.5
,2023-11-11,7.25,12,12.5
,2023-11-12,7.25,12,12
,2023-11-13,7.25,12,12
,2023-11-14,7.25,12,12
,2023-11-15,7.25,12,12
,2023-11-16,7.25,12,12
,2023-11-17,6.9,12,12
,2023-11-18,6.9,12,12
,2023-11-19,6.9,12,12
,2023-11-20,6.9,12,12
,2023-11-21,6.9,12,12
,2023-11-22,6.9,12,12
,2023-11-23,6.9,12,12
,2023-11-24,6.9,12,12
,2023-11-25,6.9,12,12
,2023-11-26,6.9,12,12
,2023-11-27,6.9,12,12
,2023-11-28,6.9,12,12
,2023-11-29,6.9,12,12
,2023-11-30,6.9,12,12
,2023-12-01,6.9,12,12
,2023-12-02,6.9,12,12
,2023-12-03,6.9,12,12
,2023-12-04,6.9,12,12
,2023-12-05,6.9,12,12
,2023-12-06,6.9,12,12
,2023-12-07,6.9,12,12
,2023-12-08,6.9,12,12
,2023-12-09,6.9,12,12
,2023-12-10,6.9,12,12
,2023-12-11,6.9,12,12
,2023-12-12,6.9,12,12
,2023-12-13,6.9,12,12
,2023-12-14,6.9,12,12
,2023-12-15,6.9,12,12
,2023-12-16,6.9,12,12
,2023-12-17,6.9,12,12
,2023-12-18,6.9,12,12
,2023-12-19,6.9,12,12
,2023-12-20,6.9,12,12
,2023-12-21,6.9,12,12
,2023-12-22,6.9,12,12
,2023-12-23,6.9,12,12
,2023-12-24,6.9,12,12
,2023-12-25,6.9,12,12
,2023-12-26,6.9,12,12
,2023-12-27,6.9,12,12
,2023-12-28,6.9,12,12
,2023-12-29,6.9,12,12
,2023-12-30,6.9,12,12
元旦节,2023-12-31,6.9,12,12
,2024-01-01,6.9,12,12
,2024-01-02,6.9,12,12
,2024-01-03,6.9,12,12
,2024-01-04,6.9,12,12
,2024-01-05,6.9,12,12
,2024-01-06,6.9,12,12
,2024-01-07,6.9,12,12
,2024-01-08,6.9,12,12
,2024-01-09,6.9,12,12
,2024-01-10,7.25,12,12
,2024-01-11,7.25,12,12
,2024-01-12,7.25,12,12
,2024-01-13,7.25,12,12
,2024-01-14,7.25,12,12
,2024-01-15,7.25,12,12
,2024-01-16,7.25,12,12
,2024-01-17,7.25,12,12
,2024-01-18,7.25,12,12
,2024-01-19,7.25,12,12
,2024-01-20,7.25,12,12
,2024-01-21,7.25,12,12
,2024-01-22,7.25,12,12
,2024-01-23,7.25,12,12
,2024-01-24,7.25,12,12
,2024-01-25,7.25,12,12
,2024-01-26,7.25,12,12
,2024-01-27,7.25,12,12
,2024-01-28,7.25,12,12
,2024-01-29,7.25,12,12
,2024-01-30,7.25,12,12
,2024-01-31,7.25,12,12
,2024-02-01,7.25,12,12
,2024-02-02,7.4,12,12
,2024-02-02,7.4,12,12
,2024-02-03,7.4,12,12
,2024-02-04,7.4,12,12
,2024-02-05,7.4,12,12
,2024-02-06,7.4,12,12
,2024-02-07,7.4,12,12
,2024-02-08,7.4,12,12
春节,2024-02-17,7.4,12,12
,2024-02-18,7.4,12,12
,2024-02-19,7.4,12,12
,2024-02-20,7.4,12,12
,2024-02-21,7.4,12,12
,2024-02-22,7.4,12,12
,2024-02-23,7.4,12,12
,2024-02-24,7.4,12,12
,2024-02-25,7.4,12,12
,2024-02-26,7.4,12,11.5
,2024-02-27,7.4,12,11.5
,2024-02-28,7.4,12,11.5
,2024-02-29,7.4,12,11.5
,2024-03-01,7.4,12,11.5
,2024-03-02,7.4,12,11.5
,2024-03-03,7.4,12,11.5
,2024-03-04,7.15,12,11.5
,2024-03-05,7.15,12,11.5
,2024-03-06,7.15,12,11.5
,2024-03-07,7.15,12,11.5
,2024-03-08,7.15,12,11.5
,2024-03-09,7.15,12,11.5
,2024-03-10,7.15,12,11.5
,2024-03-11,7.15,12,11.5
,2024-03-12,7.15,12,11.5
,2024-03-13,7.15,12,11.5
,2024-03-14,7.15,12,11.5
,2024-03-15,7.15,12,11.5
,2024-03-16,7.15,12,11.5
,2024-03-17,7.15,12,11.5
,2024-03-18,7.15,12,11.5
,2024-03-19,7.15,12,11.5
,2024-03-20,7.15,12,11.5
,2024-03-21,7.15,12,11.5
,2024-03-22,7.15,12,11.5
,2024-03-23,7.15,12,11.5
,2024-03-24,7.15,12,11.5
,2024-03-25,7.15,12,11.5
,2024-03-26,7.15,12,11.5
,2024-03-27,7.15,12,11.5
,2024-03-28,7.15,12,12
,2024-03-29,7,12,12
,2024-03-30,7,12,12
,2024-03-31,7,12,12
,2024-04-01,6.9,12,12
,2024-04-02,6.9,12,12
,2024-04-03,6.9,12,12
,2024-04-04,6.9,12,12
清明节,2024-04-05,6.9,12,12
,2024-04-06,6.9,12,12
,2024-04-07,6.9,12,12
,2024-04-08,6.9,12,12
,2024-04-09,6.9,12,12
,2024-04-10,6.9,12,12
,2024-04-11,6.9,12,12
,2024-04-12,6.9,12,12
,2024-04-13,6.9,11.75,12
,2024-04-14,6.9,11.75,12
,2024-04-15,6.9,11.75,12
,2024-04-16,6.9,11.75,12
,2024-04-17,6.9,11.75,12
,2024-04-18,6.9,11.75,12
,2024-04-19,6.9,11.75,12
,2024-04-20,6.9,11.75,12
,2024-04-21,6.9,11.75,12
,2024-04-22,6.9,11.75,12
,2024-04-23,6.9,11.75,12
,2024-04-24,6.9,11.75,12
,2024-04-25,6.9,11.75,12
,2024-04-26,6.9,11.75,12
,2024-04-27,6.9,11.75,12
,2024-04-28,6.9,11.75,12
,2024-04-29,6.9,11.75,12
,2024-04-30,6.9,11.75,12
,2024-05-01,6.9,11.75,12
,2024-05-02,6.9,11.75,12
劳动节,2024-05-03,6.9,11.75,12
,2024-05-04,6.9,11.75,12
,2024-05-05,6.9,11.75,12
,2024-05-06,6.9,11.75,12
,2024-05-07,6.9,11.75,12
,2024-05-08,6.9,11.75,12
,2024-05-09,6.9,11.75,12
,2024-05-10,6.9,11.75,12
,2024-05-11,6.9,11.75,12
,2024-05-12,6.9,11.75,12
,2024-05-13,6.9,11.75,12
,2024-05-14,6.9,11.75,12
,2024-05-15,6.9,11.75,12
,2024-05-16,6.9,11.75,12
,2024-05-17,6.9,11.75,12
,2024-05-18,6.9,11.75,12
,2024-05-19,6.9,11.75,12
,2024-05-20,6.9,11.75,12
,2024-05-21,6.9,11.75,12
,2024-05-22,6.9,11.75,12
,2024-05-23,6.9,11.75,12
,2024-05-24,6.9,11.75,12
,2024-05-25,6.9,11.75,12
,2024-05-26,6.9,11.75,12
,2024-05-27,6.9,11.75,12
,2024-05-28,6.9,11.75,12
,2024-05-29,6.9,11.75,12
,2024-05-30,6.9,11.75,12
,2024-05-31,6.9,11.75,12
,2024-06-01,6.9,11.75,12
,2024-06-02,6.9,11.75,12
,2024-06-03,6.9,11.75,12
,2024-06-04,6.9,11.75,12
,2024-06-05,6.9,11.75,12
,2024-06-06,6.9,11.75,12
,2024-06-07,6.9,11.75,12
,2024-06-08,6.9,11.75,12
端午节,2024-06-09,6.9,11.75,12
,2024-06-10,6.9,11.75,12
,2024-06-11,6.9,11.75,12
,2024-06-12,6.9,11.75,12
,2024-06-13,6.9,11.75,12
,2024-06-14,6.9,11.75,12
,2024-06-15,6.9,11.75,12
,2024-06-16,6.9,11.75,12
,2024-06-17,6.9,11.75,12
,2024-06-18,6.9,11.75,12
,2024-06-19,6.9,11.75,12
,2024-06-20,6.9,11.75,12
,2024-06-21,6.9,11.75,12
,2024-06-22,6.9,11.75,12
,2024-06-23,6.9,11.75,12
,2024-06-24,6.9,11.75,12
,2024-06-25,6.9,11.75,12
,2024-06-25,6.9,11.75,12
,2024-06-26,6.9,11.75,12
,2024-06-27,6.9,11.75,12
,2024-06-28,6.9,11.75,12
,2024-06-29,6.9,11.75,12
,2024-06-30,6.9,11.75,12
,2024-07-01,6.9,11.75,12
,2024-07-02,6.9,11.75,12
,2024-07-03,6.9,11.75,12
,2024-07-04,6.9,11.75,12
,2024-07-05,6.9,11.75,12
,2024-07-06,6.9,11.75,12
,2024-07-07,6.9,11.75,12
,2024-07-08,6.9,11.75,12
,2024-07-09,6.9,11.75,12
,2024-07-10,6.9,11.75,12
,2024-07-11,6.9,11.75,12
,2024-07-12,6.9,11.75,12
,2024-07-13,6.9,11.75,12
,2024-07-14,6.9,11.75,12
,2024-07-15,6.9,11.75,12
,2024-07-16,6.9,11.75,12
,2024-07-17,6.9,11.75,12
,2024-07-18,6.9,11.75,12
,2024-07-19,6.9,11.75,12
,2024-07-20,6.9,11.75,12
,2024-07-21,6.9,11.75,12
,2024-07-22,6.9,11.75,12
,2024-07-23,6.9,11.75,12
,2024-07-24,6.9,11.75,12
,2024-07-25,6.9,11.75,12
,2024-07-26,6.9,11.75,12
,2024-07-27,6.9,11.75,12
,2024-07-28,6.9,11.75,12
,2024-07-29,6.9,11.75,12
,2024-07-30,6.9,11.75,12
,2024-07-31,6.9,11.75,12
,2024-08-01,7,11.75,12
,2024-08-02,7,11.75,12
,2024-08-03,7,11.75,12
,2024-08-04,7,11.75,12
,2024-08-05,7,11.75,12
,2024-08-06,7,11.75,12
,2024-08-07,7,11.75,12
,2024-08-08,6.9,11.75,12
,2024-08-09,6.9,11.75,12
,2024-08-10,6.9,11.75,12
,2024-08-11,6.9,11.75,12
,2024-08-12,6.9,11.75,12
,2024-08-13,6.9,11.75,12
,2024-08-14,6.75,11.75,12
,2024-08-15,6.75,11.75,12
,2024-08-16,6.75,11.75,12
,2024-08-17,6.75,11.75,12
,2024-08-18,6.75,11.5,12
,2024-08-19,6.75,11.5,12
,2024-08-20,6.75,11.5,12
,2024-08-21,6.75,11.5,12
,2024-08-22,6.75,11.5,12
,2024-08-23,6.75,11.5,12
,2024-08-24,6.75,11.5,12
,2024-08-25,6.75,11.5,12
,2024-08-26,6.75,11.5,12
,2024-08-27,6.75,11.5,12
,2024-08-28,6.75,11.5,12
,2024-08-29,6.9,11.5,12
,2024-08-30,6.9,11.5,12
,2024-08-31,6.9,11.5,12
,2024-09-01,6.9,11.5,12
,2024-09-02,6.9,11.5,12
,2024-09-03,6.9,11.5,12
,2024-09-04,6.9,11.5,12
,2024-09-05,6.9,11.5,12
,2024-09-06,6.9,11.5,12
,2024-09-07,6.9,11.5,12
,2024-09-08,6.9,11.5,12
,2024-09-09,6.9,11.5,12
,2024-09-10,6.9,11.5,12
,2024-09-11,6.9,11.5,12
,2024-09-12,6.9,11.5,12
,2024-09-13,6.9,11.5,12
中秋节,2024-09-14,6.9,11.5,12
,2024-09-15,6.9,11.5,12
,2024-09-16,6.9,11.5,12
,2024-09-17,6.9,11.5,12
,2024-09-18,6.9,11.5,12
,2024-09-19,6.9,11.5,12
,2024-09-20,6.9,11.5,12
,2024-09-21,6.9,11.5,12
,2024-09-22,6.9,11.5,12
,2024-09-23,6.9,11.5,12
,2024-09-24,6.9,11.5,12
,2024-09-25,6.9,11.5,12
,2024-09-26,6.9,11.5,12
,2024-09-27,6.9,11.5,12
,2024-09-28,6.9,11.5,12
,2024-09-29,6.9,11.5,12
,2024-09-30,6.9,11.5,12
,2024-10-01,6.9,11.5,12
,2024-10-02,6.9,11.5,12
,2024-10-03,6.9,11.5,12
,2024-10-04,6.9,11.5,12
国庆节,2024-10-05,6.9,11.5,12
,2024-10-06,6.9,11.5,12
,2024-10-07,6.9,11.5,12
,2024-10-08,6.9,11.5,12
,2024-10-09,6.9,11.5,12
,2024-10-10,6.9,11.5,12
,2024-10-11,6.9,11.5,12
,2024-10-12,6.9,11.5,12
,2024-10-13,6.9,11.5,12
,2024-10-14,6.9,11.5,12
,2024-10-15,6.9,11.5,12
,2024-10-16,6.75,11.5,12
,2024-10-17,6.75,11.5,12
,2024-10-18,6.75,11.5,12
,2024-10-19,6.75,11.5,12
,2024-10-20,6.75,11.5,12
,2024-10-21,6.75,11.5,12
,2024-10-22,6.75,11.5,12
,2024-10-23,6.75,11.5,12
,2024-10-24,6.65,11.5,12
,2024-10-25,6.65,11.5,12
,2024-10-26,6.65,11.5,12
,2024-10-27,6.65,11.5,12
,2024-10-28,6.65,11.5,12
,2024-10-29,6.65,11.5,12
,2024-10-30,6.65,11.5,12
,2024-10-31,6.65,11.5,12
,2024-11-01,6.65,11.5,12
,2024-11-02,6.65,11.5,12
,2024-11-03,6.65,11.5,12
,2024-11-04,6.65,11.5,12
,2024-11-05,6.65,11.5,12
,2024-11-06,6.65,11.5,12
,2024-11-07,6.65,11.5,12
,2024-11-08,6.65,11.5,12
,2024-11-09,6.65,11.5,12
,2024-11-10,6.65,11.5,12
,2024-11-11,6.65,11.5,12
,2024-11-12,6.65,11.5,12
,2024-11-13,6.65,11.5,12
,2024-11-14,6.65,11.5,12
,2024-11-15,6.65,11.5,12
,2024-11-16,6.65,11.5,12
,2024-11-17,6.65,11.5,12
,2024-11-18,6.65,11.5,12
,2024-11-19,6.65,11.5,12
,2024-11-20,6.65,11.5,12
,2024-11-21,6.65,11.5,12
,2024-11-22,6.65,11.5,12
,2024-11-23,6.65,11.5,12
,2024-11-24,6.65,11.5,12
,2024-11-25,6.65,11.5,12
,2024-11-26,6.65,11.5,12
,2024-11-27,6.65,11.5,12
,2024-11-28,6.65,11.5,12
,2024-11-29,6.75,11.5,12
,2024-11-30,6.75,11.5,12
,2024-12-01,6.75,11.5,12
